arquivo,jitter,pitch_medio,pitch_std,mfcc1_medio,mfcc2_medio,mfcc3_medio,mfcc4_medio,mfcc5_medio,mfcc6_medio,mfcc7_medio,mfcc8_medio,mfcc9_medio,mfcc10_medio,mfcc11_medio,mfcc12_medio,mfcc13_medio
voice161.wav,14.657197662853415,162.0834509000998,41.896321250584904,-15.221666,73.40576,-43.916946,-58.506817,-6.0661373,11.262409,-30.519325,-10.280751,-17.428312,-15.73778,-18.974474,-28.344276,-10.412185
