arquivo,jitter,pitch_medio,pitch_std,mfcc1_medio,mfcc2_medio,mfcc3_medio,mfcc4_medio,mfcc5_medio,mfcc6_medio,mfcc7_medio,mfcc8_medio,mfcc9_medio,mfcc10_medio,mfcc11_medio,mfcc12_medio,mfcc13_medio
voice138.wav,16.122459134025185,208.00824027178248,37.230173455933006,-83.11299,26.565723,-30.741081,-8.749393,23.148409,-19.604033,-20.66657,-8.612819,-26.436974,-3.1324599,-19.707102,-5.6422105,-22.496742
