arquivo,jitter,pitch_medio,pitch_std,mfcc1_medio,mfcc2_medio,mfcc3_medio,mfcc4_medio,mfcc5_medio,mfcc6_medio,mfcc7_medio,mfcc8_medio,mfcc9_medio,mfcc10_medio,mfcc11_medio,mfcc12_medio,mfcc13_medio
voice028.wav,9.95717667275765,210.23588079465554,45.47301814448792,-130.11763,5.7278824,-43.926617,-5.07491,5.6408577,17.814821,-12.790035,-12.255022,-25.500671,2.6460009,-5.418406,-23.22649,-9.172238
