arquivo,jitter,pitch_medio,pitch_std,mfcc1_medio,mfcc2_medio,mfcc3_medio,mfcc4_medio,mfcc5_medio,mfcc6_medio,mfcc7_medio,mfcc8_medio,mfcc9_medio,mfcc10_medio,mfcc11_medio,mfcc12_medio,mfcc13_medio
voice049.wav,8.731395113649233,193.40534022748753,22.51992452003325,-150.00333,25.00815,-49.89703,-4.5818005,9.396076,14.134874,-17.283695,-3.9852238,-20.29639,-3.6297815,-7.0900316,-16.184769,-10.729855
