arquivo,jitter,pitch_medio,pitch_std,mfcc1_medio,mfcc2_medio,mfcc3_medio,mfcc4_medio,mfcc5_medio,mfcc6_medio,mfcc7_medio,mfcc8_medio,mfcc9_medio,mfcc10_medio,mfcc11_medio,mfcc12_medio,mfcc13_medio
voice043.wav,2.947094134206709,198.9596308030712,11.387734753719238,-156.51341,14.257981,-46.737484,12.460302,12.04548,3.3687954,-16.711359,5.5366945,-25.539682,-9.95507,-15.295751,-12.019024,-2.9736598
