arquivo,jitter,pitch_medio,pitch_std,mfcc1_medio,mfcc2_medio,mfcc3_medio,mfcc4_medio,mfcc5_medio,mfcc6_medio,mfcc7_medio,mfcc8_medio,mfcc9_medio,mfcc10_medio,mfcc11_medio,mfcc12_medio,mfcc13_medio
voice203.wav,0.3784468212082488,221.17903962753073,1.0764445677940269,-107.61746,27.476112,-48.938755,2.5720313,11.741142,-4.2249594,0.8171965,9.407235,-25.886696,-5.1715913,-17.065285,-0.477644,-14.892843
