arquivo,jitter,pitch_medio,pitch_std,mfcc1_medio,mfcc2_medio,mfcc3_medio,mfcc4_medio,mfcc5_medio,mfcc6_medio,mfcc7_medio,mfcc8_medio,mfcc9_medio,mfcc10_medio,mfcc11_medio,mfcc12_medio,mfcc13_medio
voice009.wav,0.614946601571759,163.44895790970358,1.6455244941491651,-126.09896,38.1739,-31.648115,-17.192663,-2.3808641,1.6171737,-9.300295,3.7418497,-16.016174,-18.455318,-9.080462,-20.55727,-9.465299
