arquivo,jitter,pitch_medio,pitch_std,mfcc1_medio,mfcc2_medio,mfcc3_medio,mfcc4_medio,mfcc5_medio,mfcc6_medio,mfcc7_medio,mfcc8_medio,mfcc9_medio,mfcc10_medio,mfcc11_medio,mfcc12_medio,mfcc13_medio
voice008.wav,1.3210208819445959,190.07280863786576,8.5330616363724,-123.04173,32.662384,-61.080666,-19.070097,-3.747692,22.675936,-16.178675,1.4860035,-12.362341,-19.93636,5.7297626,-18.606707,-4.110468
