arquivo,jitter,pitch_medio,pitch_std,mfcc1_medio,mfcc2_medio,mfcc3_medio,mfcc4_medio,mfcc5_medio,mfcc6_medio,mfcc7_medio,mfcc8_medio,mfcc9_medio,mfcc10_medio,mfcc11_medio,mfcc12_medio,mfcc13_medio
voice012.wav,0.23789034683112337,111.39132786807996,0.8913325497106743,-138.72192,43.793304,-18.219404,-20.348007,13.122631,-2.3258672,-15.302355,20.532063,-5.4757557,-19.431585,-3.7626975,-5.5825443,-23.38334
