arquivo,jitter,pitch_medio,pitch_std,mfcc1_medio,mfcc2_medio,mfcc3_medio,mfcc4_medio,mfcc5_medio,mfcc6_medio,mfcc7_medio,mfcc8_medio,mfcc9_medio,mfcc10_medio,mfcc11_medio,mfcc12_medio,mfcc13_medio
voice054.wav,0.7785432731821224,128.86772769108174,4.355854958734116,-202.889,58.613144,3.902533,-31.341848,24.314037,-13.593581,-13.432234,-3.5165482,14.503393,-7.2143106,-37.286,1.7353249,-21.12686
