arquivo,jitter,pitch_medio,pitch_std,mfcc1_medio,mfcc2_medio,mfcc3_medio,mfcc4_medio,mfcc5_medio,mfcc6_medio,mfcc7_medio,mfcc8_medio,mfcc9_medio,mfcc10_medio,mfcc11_medio,mfcc12_medio,mfcc13_medio
voice004.wav,0.6833599134019521,191.63125458442818,2.16002568226935,-206.12646,13.042708,-27.00593,32.18349,19.79603,-24.004164,11.081124,4.8329077,-22.760614,-3.6487525,-25.75886,-8.976304,-23.25899
