arquivo,jitter,pitch_medio,pitch_std,mfcc1_medio,mfcc2_medio,mfcc3_medio,mfcc4_medio,mfcc5_medio,mfcc6_medio,mfcc7_medio,mfcc8_medio,mfcc9_medio,mfcc10_medio,mfcc11_medio,mfcc12_medio,mfcc13_medio
voice201.wav,26.277453380602388,182.53341150199938,47.33389248151178,-79.55578,30.191692,-42.71781,-33.02063,15.98541,-0.36993,-12.347239,-7.271725,-17.402727,-6.1514864,-16.690058,-0.47397017,-16.26673
