arquivo,jitter,pitch_medio,pitch_std,mfcc1_medio,mfcc2_medio,mfcc3_medio,mfcc4_medio,mfcc5_medio,mfcc6_medio,mfcc7_medio,mfcc8_medio,mfcc9_medio,mfcc10_medio,mfcc11_medio,mfcc12_medio,mfcc13_medio
voice051.wav,2.7344658605492342,167.97894134263254,9.904755913144104,-129.43071,16.57149,-43.699383,-24.620625,40.784313,-8.011938,3.4929488,-13.421207,-18.80017,-2.4953284,-16.063643,-13.121681,-21.423737
