arquivo,jitter,pitch_medio,pitch_std,mfcc1_medio,mfcc2_medio,mfcc3_medio,mfcc4_medio,mfcc5_medio,mfcc6_medio,mfcc7_medio,mfcc8_medio,mfcc9_medio,mfcc10_medio,mfcc11_medio,mfcc12_medio,mfcc13_medio
voice098.wav,3.865504014566529,245.0314139529371,24.54586716495571,-73.89155,-50.097095,-66.605835,-27.692554,-20.345709,5.3451676,-13.965162,-11.656384,-22.840971,14.834758,-19.953623,-7.184944,-17.307367
