arquivo,jitter,pitch_medio,pitch_std,mfcc1_medio,mfcc2_medio,mfcc3_medio,mfcc4_medio,mfcc5_medio,mfcc6_medio,mfcc7_medio,mfcc8_medio,mfcc9_medio,mfcc10_medio,mfcc11_medio,mfcc12_medio,mfcc13_medio
voice194.wav,0.3270377432048152,284.5080875144412,0.8650547387207332,-122.86011,-24.00676,-62.41926,-17.553028,13.244554,-11.90654,-2.2449014,-8.2377205,-21.605883,-2.2342608,-12.951883,-3.1717565,-28.573923
