arquivo,jitter,pitch_medio,pitch_std,mfcc1_medio,mfcc2_medio,mfcc3_medio,mfcc4_medio,mfcc5_medio,mfcc6_medio,mfcc7_medio,mfcc8_medio,mfcc9_medio,mfcc10_medio,mfcc11_medio,mfcc12_medio,mfcc13_medio
voice001.wav,3.329956635722401,110.71248685450635,11.253655300652042,-89.87831,53.312515,-66.39385,-16.300682,-6.631975,17.999434,-27.778965,15.623698,6.169481,-34.712456,-3.559567,-6.3958507,-8.561319
