arquivo,jitter,pitch_medio,pitch_std,mfcc1_medio,mfcc2_medio,mfcc3_medio,mfcc4_medio,mfcc5_medio,mfcc6_medio,mfcc7_medio,mfcc8_medio,mfcc9_medio,mfcc10_medio,mfcc11_medio,mfcc12_medio,mfcc13_medio
voice077.wav,4.601834198596677,135.54390117426087,16.021308879462392,-188.77348,50.0547,-44.63773,-2.9124596,10.3443165,13.705719,-10.219195,2.964709,-23.74834,-5.7871222,-4.942247,-11.415357,-21.703321
