arquivo,jitter,pitch_medio,pitch_std,mfcc1_medio,mfcc2_medio,mfcc3_medio,mfcc4_medio,mfcc5_medio,mfcc6_medio,mfcc7_medio,mfcc8_medio,mfcc9_medio,mfcc10_medio,mfcc11_medio,mfcc12_medio,mfcc13_medio
voice042.wav,3.577718938613277,212.05728698711053,21.313301068287796,-138.12326,41.176983,-75.61852,10.157122,6.33384,5.24433,-27.242208,11.927924,-21.17163,-6.6592607,-1.3766906,-27.205347,-10.06053
