arquivo,jitter,pitch_medio,pitch_std,mfcc1_medio,mfcc2_medio,mfcc3_medio,mfcc4_medio,mfcc5_medio,mfcc6_medio,mfcc7_medio,mfcc8_medio,mfcc9_medio,mfcc10_medio,mfcc11_medio,mfcc12_medio,mfcc13_medio
voice104.wav,2.804375714730836,122.05971102478358,21.618186752980545,-84.73039,69.629875,-65.97039,-17.738842,-1.9558122,-10.717834,-23.110254,1.7517108,-0.5539607,-21.31279,-19.26515,-18.17465,-17.955675
