arquivo,jitter,pitch_medio,pitch_std,mfcc1_medio,mfcc2_medio,mfcc3_medio,mfcc4_medio,mfcc5_medio,mfcc6_medio,mfcc7_medio,mfcc8_medio,mfcc9_medio,mfcc10_medio,mfcc11_medio,mfcc12_medio,mfcc13_medio
voice005.wav,1.6477037326965231,164.86126598371143,9.114620552420597,-104.15193,8.180842,-49.46801,-17.298141,28.267975,4.029834,-3.8365886,-4.155938,-23.870636,1.722772,-17.541468,-1.8953485,-22.703728
