arquivo,jitter,pitch_medio,pitch_std,mfcc1_medio,mfcc2_medio,mfcc3_medio,mfcc4_medio,mfcc5_medio,mfcc6_medio,mfcc7_medio,mfcc8_medio,mfcc9_medio,mfcc10_medio,mfcc11_medio,mfcc12_medio,mfcc13_medio
voice020.wav,3.0416832176254487,80.35735421698358,24.193875517953046,-61.79323,58.78541,-51.862537,-52.12463,21.4588,26.52725,-25.188648,13.445296,-16.507477,0.5135704,-24.866766,0.22596006,-7.5530777
