arquivo,jitter,pitch_medio,pitch_std,mfcc1_medio,mfcc2_medio,mfcc3_medio,mfcc4_medio,mfcc5_medio,mfcc6_medio,mfcc7_medio,mfcc8_medio,mfcc9_medio,mfcc10_medio,mfcc11_medio,mfcc12_medio,mfcc13_medio
voice029.wav,3.068523606236244,100.70763274947582,15.443943624903207,-92.00661,36.698513,-25.577858,-38.2497,28.194752,0.66750133,-20.850952,12.630021,3.6845703,-17.132637,-20.100069,-11.676997,-15.057809
