arquivo,jitter,pitch_medio,pitch_std,mfcc1_medio,mfcc2_medio,mfcc3_medio,mfcc4_medio,mfcc5_medio,mfcc6_medio,mfcc7_medio,mfcc8_medio,mfcc9_medio,mfcc10_medio,mfcc11_medio,mfcc12_medio,mfcc13_medio
voice111.wav,1.823188379724528,147.6251337850705,14.238840708035065,-84.997604,42.7573,-79.49173,-16.134892,-6.518254,4.291765,-19.40386,3.954377,-6.282372,-18.3822,-26.041483,8.133315,-29.012047
