arquivo,jitter,pitch_medio,pitch_std,mfcc1_medio,mfcc2_medio,mfcc3_medio,mfcc4_medio,mfcc5_medio,mfcc6_medio,mfcc7_medio,mfcc8_medio,mfcc9_medio,mfcc10_medio,mfcc11_medio,mfcc12_medio,mfcc13_medio
voice151.wav,0.3588545798714543,199.70664394215544,0.9145449265153106,-80.44452,13.46416,-36.260162,-18.59695,28.939398,4.8705096,-27.760687,2.8414376,-31.490175,-4.9245377,-16.727266,-16.47608,-16.103806
