arquivo,jitter,pitch_medio,pitch_std,mfcc1_medio,mfcc2_medio,mfcc3_medio,mfcc4_medio,mfcc5_medio,mfcc6_medio,mfcc7_medio,mfcc8_medio,mfcc9_medio,mfcc10_medio,mfcc11_medio,mfcc12_medio,mfcc13_medio
voice065.wav,3.2038432307944364,177.96332403597643,22.875580642782054,-133.70787,51.740463,-37.997078,-33.987404,8.56468,-2.9877102,-26.718357,7.522373,0.9890677,-4.217967,-30.104984,-3.621118,-3.1675472
