arquivo,jitter,pitch_medio,pitch_std,mfcc1_medio,mfcc2_medio,mfcc3_medio,mfcc4_medio,mfcc5_medio,mfcc6_medio,mfcc7_medio,mfcc8_medio,mfcc9_medio,mfcc10_medio,mfcc11_medio,mfcc12_medio,mfcc13_medio
voice099.wav,2.143438004297301,135.38552967573057,16.05207890073909,-71.90537,11.122647,-89.52268,-31.861692,-11.375572,1.3566937,-17.26936,-0.61870736,0.13455543,-44.51074,9.229252,-18.576971,4.7240996
