arquivo,jitter,pitch_medio,pitch_std,mfcc1_medio,mfcc2_medio,mfcc3_medio,mfcc4_medio,mfcc5_medio,mfcc6_medio,mfcc7_medio,mfcc8_medio,mfcc9_medio,mfcc10_medio,mfcc11_medio,mfcc12_medio,mfcc13_medio
voice181.wav,3.2089007449076576,214.65701061907524,12.619540943894583,-68.4199,11.094166,-32.642906,-33.910988,7.4189105,-17.260338,-16.734797,-5.101553,-31.055248,-7.331233,-6.300516,-8.329489,-14.9547205
