arquivo,jitter,pitch_medio,pitch_std,mfcc1_medio,mfcc2_medio,mfcc3_medio,mfcc4_medio,mfcc5_medio,mfcc6_medio,mfcc7_medio,mfcc8_medio,mfcc9_medio,mfcc10_medio,mfcc11_medio,mfcc12_medio,mfcc13_medio
voice018.wav,3.774591483853011,242.198716829634,13.899222099354644,-109.37535,-27.498571,-53.116444,-17.829733,-0.81071126,9.13179,10.667001,7.7086825,-36.390125,1.4216549,-13.148467,-18.899849,-21.105453
