arquivo,jitter,pitch_medio,pitch_std,mfcc1_medio,mfcc2_medio,mfcc3_medio,mfcc4_medio,mfcc5_medio,mfcc6_medio,mfcc7_medio,mfcc8_medio,mfcc9_medio,mfcc10_medio,mfcc11_medio,mfcc12_medio,mfcc13_medio
voice208.wav,0.21975878963883363,233.1997200300012,0.9945763103930044,-95.882614,39.008564,-12.174554,-32.41083,3.803283,-7.9320507,-21.418442,-11.378606,-20.003902,-11.496436,-17.733051,1.930935,-14.104095
