arquivo,jitter,pitch_medio,pitch_std,mfcc1_medio,mfcc2_medio,mfcc3_medio,mfcc4_medio,mfcc5_medio,mfcc6_medio,mfcc7_medio,mfcc8_medio,mfcc9_medio,mfcc10_medio,mfcc11_medio,mfcc12_medio,mfcc13_medio
voice097.wav,3.162840707571934,206.89625774967473,17.168796391911187,-113.5612,-19.892363,-57.065594,4.5052843,4.771858,-15.844236,-12.365939,8.423856,-22.890558,-9.699785,-10.53296,-8.068652,-20.2324
