arquivo,jitter,pitch_medio,pitch_std,mfcc1_medio,mfcc2_medio,mfcc3_medio,mfcc4_medio,mfcc5_medio,mfcc6_medio,mfcc7_medio,mfcc8_medio,mfcc9_medio,mfcc10_medio,mfcc11_medio,mfcc12_medio,mfcc13_medio
voice166.wav,34.104755387583765,215.7060285316933,84.68569019592299,24.579657,8.445837,-93.63142,-13.1512375,-6.449388,-8.2059355,-45.535046,-2.849867,-26.083942,-13.863719,-1.5667793,-21.631012,-14.574255
