arquivo,jitter,pitch_medio,pitch_std,mfcc1_medio,mfcc2_medio,mfcc3_medio,mfcc4_medio,mfcc5_medio,mfcc6_medio,mfcc7_medio,mfcc8_medio,mfcc9_medio,mfcc10_medio,mfcc11_medio,mfcc12_medio,mfcc13_medio
voice125.wav,0.2703793239800641,228.38116103295272,0.5203685721952396,-96.78953,6.4266953,-41.161697,-17.148005,4.9515147,-21.68823,6.089983,-3.3614337,-31.077328,-10.420905,-11.710529,-4.5108433,-19.017962
