arquivo,jitter,pitch_medio,pitch_std,mfcc1_medio,mfcc2_medio,mfcc3_medio,mfcc4_medio,mfcc5_medio,mfcc6_medio,mfcc7_medio,mfcc8_medio,mfcc9_medio,mfcc10_medio,mfcc11_medio,mfcc12_medio,mfcc13_medio
voice126.wav,7.012781457522367,221.95885285046137,31.55747246066405,-86.33704,32.307602,-67.72022,-1.4808942,4.3240566,-20.68814,-27.09053,-0.030342141,-27.839594,-7.6737456,-9.03125,-7.515239,-24.631096
