arquivo,jitter,pitch_medio,pitch_std,mfcc1_medio,mfcc2_medio,mfcc3_medio,mfcc4_medio,mfcc5_medio,mfcc6_medio,mfcc7_medio,mfcc8_medio,mfcc9_medio,mfcc10_medio,mfcc11_medio,mfcc12_medio,mfcc13_medio
voice108.wav,2.3928489258270162,152.25208144019746,8.94434184115316,-109.23893,2.9750528,-39.781517,-53.378983,-4.0815825,17.27762,-48.71003,32.649952,-9.005153,10.774349,-39.784092,-24.574654,-8.498433
