arquivo,jitter,pitch_medio,pitch_std,mfcc1_medio,mfcc2_medio,mfcc3_medio,mfcc4_medio,mfcc5_medio,mfcc6_medio,mfcc7_medio,mfcc8_medio,mfcc9_medio,mfcc10_medio,mfcc11_medio,mfcc12_medio,mfcc13_medio
voice021.wav,3.0601881804401097,165.18332911620226,21.33911869571802,-191.2414,72.23649,-57.722492,1.0852828,23.809149,7.841167,-36.950027,15.837734,-21.124836,-11.65389,-21.694637,-11.663158,-13.95597
