arquivo,jitter,pitch_medio,pitch_std,mfcc1_medio,mfcc2_medio,mfcc3_medio,mfcc4_medio,mfcc5_medio,mfcc6_medio,mfcc7_medio,mfcc8_medio,mfcc9_medio,mfcc10_medio,mfcc11_medio,mfcc12_medio,mfcc13_medio
voice080.wav,0.4988573787362588,170.82710118057713,0.9520518259750244,-108.798454,47.730453,-44.43345,-21.459597,-9.505997,-13.102841,-26.28917,27.093494,-12.726927,-15.268647,-29.858242,-3.7091663,-4.061392
