arquivo,jitter,pitch_medio,pitch_std,mfcc1_medio,mfcc2_medio,mfcc3_medio,mfcc4_medio,mfcc5_medio,mfcc6_medio,mfcc7_medio,mfcc8_medio,mfcc9_medio,mfcc10_medio,mfcc11_medio,mfcc12_medio,mfcc13_medio
voice048.wav,0.3098751630961132,146.06548615003356,0.8503915850983916,-114.432014,46.02991,-57.857513,-26.72261,6.7521253,14.205264,-30.610947,23.128632,-20.372866,-7.0967693,-35.91092,1.0681733,-16.276089
