arquivo,jitter,pitch_medio,pitch_std,mfcc1_medio,mfcc2_medio,mfcc3_medio,mfcc4_medio,mfcc5_medio,mfcc6_medio,mfcc7_medio,mfcc8_medio,mfcc9_medio,mfcc10_medio,mfcc11_medio,mfcc12_medio,mfcc13_medio
voice145.wav,26.665515640180562,165.87968596809208,63.16878587274147,-163.34706,80.097435,-0.07284495,4.16497,-3.1911352,-11.038654,-12.771299,-9.522419,-17.54186,-11.047367,-12.734177,-8.155199,-11.09508
