arquivo,jitter,pitch_medio,pitch_std,mfcc1_medio,mfcc2_medio,mfcc3_medio,mfcc4_medio,mfcc5_medio,mfcc6_medio,mfcc7_medio,mfcc8_medio,mfcc9_medio,mfcc10_medio,mfcc11_medio,mfcc12_medio,mfcc13_medio
voice142.wav,0.42038348521110264,217.74989080075508,3.6585161192547324,-78.5816,26.131544,-51.15377,14.61964,2.4348154,-3.9775403,-21.392126,-18.800827,-19.238531,-14.987821,-12.329124,-20.15951,-14.0109625
