arquivo,jitter,pitch_medio,pitch_std,mfcc1_medio,mfcc2_medio,mfcc3_medio,mfcc4_medio,mfcc5_medio,mfcc6_medio,mfcc7_medio,mfcc8_medio,mfcc9_medio,mfcc10_medio,mfcc11_medio,mfcc12_medio,mfcc13_medio
voice069.wav,1.1271646338399781,165.1727748538077,5.832365192753236,-162.97597,45.839043,-25.07348,-7.609529,-13.628471,25.771252,-30.878633,32.36811,-27.972141,-7.548781,-22.509521,-12.892082,-8.68936
