arquivo,jitter,pitch_medio,pitch_std,mfcc1_medio,mfcc2_medio,mfcc3_medio,mfcc4_medio,mfcc5_medio,mfcc6_medio,mfcc7_medio,mfcc8_medio,mfcc9_medio,mfcc10_medio,mfcc11_medio,mfcc12_medio,mfcc13_medio
voice033.wav,1.8728913019460756,185.15812700488715,42.664203211351854,-60.725826,11.636772,-50.006996,-32.23614,7.777006,4.540715,-18.541195,0.50065523,-30.260094,-11.349012,-4.773889,-20.298777,-14.565211
