arquivo,jitter,pitch_medio,pitch_std,mfcc1_medio,mfcc2_medio,mfcc3_medio,mfcc4_medio,mfcc5_medio,mfcc6_medio,mfcc7_medio,mfcc8_medio,mfcc9_medio,mfcc10_medio,mfcc11_medio,mfcc12_medio,mfcc13_medio
voice084.wav,0.45584173302384556,200.26422804755296,1.353339878754893,-128.88419,32.05969,-52.482723,-9.939742,25.773592,-13.364369,2.339726,-2.822443,-21.017908,-4.113622,-16.215694,-8.42444,-27.310528
