arquivo,jitter,pitch_medio,pitch_std,mfcc1_medio,mfcc2_medio,mfcc3_medio,mfcc4_medio,mfcc5_medio,mfcc6_medio,mfcc7_medio,mfcc8_medio,mfcc9_medio,mfcc10_medio,mfcc11_medio,mfcc12_medio,mfcc13_medio
voice090.wav,7.2089759449124475,246.85272814025757,46.54486673035449,-124.70644,-9.809384,-45.90797,8.68634,-6.7882204,7.038129,-13.8828125,-9.962349,-29.250004,5.0986867,-11.581888,-16.164516,-5.2050443
