arquivo,jitter,pitch_medio,pitch_std,mfcc1_medio,mfcc2_medio,mfcc3_medio,mfcc4_medio,mfcc5_medio,mfcc6_medio,mfcc7_medio,mfcc8_medio,mfcc9_medio,mfcc10_medio,mfcc11_medio,mfcc12_medio,mfcc13_medio
voice172.wav,0.2841849346320035,215.4822943821488,1.7756451252659213,-94.88453,26.020006,-29.40619,-0.266217,4.35175,-14.340861,0.9672117,-15.890822,-36.64663,-7.6291437,-15.673625,-6.7534122,-8.133935
