arquivo,jitter,pitch_medio,pitch_std,mfcc1_medio,mfcc2_medio,mfcc3_medio,mfcc4_medio,mfcc5_medio,mfcc6_medio,mfcc7_medio,mfcc8_medio,mfcc9_medio,mfcc10_medio,mfcc11_medio,mfcc12_medio,mfcc13_medio
voice010.wav,0.2560545735643289,230.65079109014195,1.232230676939078,-139.88777,11.085507,-46.657696,-17.318886,47.474194,-5.1517553,-1.4621482,-13.363155,-28.971422,-2.9878433,-16.907713,-13.359708,-29.199238
