arquivo,jitter,pitch_medio,pitch_std,mfcc1_medio,mfcc2_medio,mfcc3_medio,mfcc4_medio,mfcc5_medio,mfcc6_medio,mfcc7_medio,mfcc8_medio,mfcc9_medio,mfcc10_medio,mfcc11_medio,mfcc12_medio,mfcc13_medio
voice053.wav,21.985914212873155,209.61114204584615,38.67226188244534,-102.23965,-19.510384,-39.848614,-15.765211,20.246685,-15.716306,-0.6983239,7.4221363,-14.049355,-12.282636,-24.083527,-8.183138,-22.995623
