arquivo,jitter,pitch_medio,pitch_std,mfcc1_medio,mfcc2_medio,mfcc3_medio,mfcc4_medio,mfcc5_medio,mfcc6_medio,mfcc7_medio,mfcc8_medio,mfcc9_medio,mfcc10_medio,mfcc11_medio,mfcc12_medio,mfcc13_medio
voice002.wav,0.21203824925178952,128.54058792454214,0.5519016438623012,-115.65266,36.073273,-52.771164,-33.146484,-15.068009,3.4474504,-22.32182,10.138315,13.726443,-27.952343,-21.33065,-14.298918,-6.626558
