arquivo,jitter,pitch_medio,pitch_std,mfcc1_medio,mfcc2_medio,mfcc3_medio,mfcc4_medio,mfcc5_medio,mfcc6_medio,mfcc7_medio,mfcc8_medio,mfcc9_medio,mfcc10_medio,mfcc11_medio,mfcc12_medio,mfcc13_medio
voice149.wav,3.754140197898978,136.35375124911081,31.13445087191615,-25.588018,15.610769,-70.33489,-7.7546816,-23.866745,-9.335521,2.4146624,-2.0317042,1.328932,-49.111828,2.1365252,-19.644007,-8.448304
