arquivo,jitter,pitch_medio,pitch_std,mfcc1_medio,mfcc2_medio,mfcc3_medio,mfcc4_medio,mfcc5_medio,mfcc6_medio,mfcc7_medio,mfcc8_medio,mfcc9_medio,mfcc10_medio,mfcc11_medio,mfcc12_medio,mfcc13_medio
voice023.wav,0.41492587123286934,250.38576664321639,1.7703099966851223,-202.05554,44.112644,-28.60985,-42.034363,38.217873,-5.1790495,-2.6412055,14.300866,-10.733988,-15.776874,-29.409369,1.8146596,-32.88043
