arquivo,jitter,pitch_medio,pitch_std,mfcc1_medio,mfcc2_medio,mfcc3_medio,mfcc4_medio,mfcc5_medio,mfcc6_medio,mfcc7_medio,mfcc8_medio,mfcc9_medio,mfcc10_medio,mfcc11_medio,mfcc12_medio,mfcc13_medio
voice195.wav,2.833622332763231,185.08584522074474,10.9011932344308,-104.22161,26.155634,-35.103695,-0.60814565,4.803476,10.311381,-7.9499664,-2.7012737,-33.658592,5.2348237,-13.694057,-10.322949,-11.173925
