arquivo,jitter,pitch_medio,pitch_std,mfcc1_medio,mfcc2_medio,mfcc3_medio,mfcc4_medio,mfcc5_medio,mfcc6_medio,mfcc7_medio,mfcc8_medio,mfcc9_medio,mfcc10_medio,mfcc11_medio,mfcc12_medio,mfcc13_medio
voice205.wav,9.500947680924671,200.95536773510344,41.824896005378406,-67.52953,33.068256,-68.65936,-28.233593,4.9713907,-22.080036,-11.1981535,-10.491455,0.97296613,-18.079426,-9.264892,-17.891207,-6.481531
