arquivo,jitter,pitch_medio,pitch_std,mfcc1_medio,mfcc2_medio,mfcc3_medio,mfcc4_medio,mfcc5_medio,mfcc6_medio,mfcc7_medio,mfcc8_medio,mfcc9_medio,mfcc10_medio,mfcc11_medio,mfcc12_medio,mfcc13_medio
voice118.wav,19.37391502900549,165.48188453125798,42.75175717473003,-61.76592,-10.634341,-57.782722,-27.805696,-11.0344095,4.4912715,-27.59553,20.480545,-20.590714,-22.456144,-7.354234,-12.583116,-11.927796
