arquivo,jitter,pitch_medio,pitch_std,mfcc1_medio,mfcc2_medio,mfcc3_medio,mfcc4_medio,mfcc5_medio,mfcc6_medio,mfcc7_medio,mfcc8_medio,mfcc9_medio,mfcc10_medio,mfcc11_medio,mfcc12_medio,mfcc13_medio
voice202.wav,12.716747326304972,196.31935396756285,52.872023149322054,-139.09372,34.234978,-45.27582,-22.419003,13.317688,-5.444978,-15.194407,1.0759271,-19.760641,-13.845645,-19.391874,-7.034189,-18.23914
