arquivo,jitter,pitch_medio,pitch_std,mfcc1_medio,mfcc2_medio,mfcc3_medio,mfcc4_medio,mfcc5_medio,mfcc6_medio,mfcc7_medio,mfcc8_medio,mfcc9_medio,mfcc10_medio,mfcc11_medio,mfcc12_medio,mfcc13_medio
voice192.wav,2.8168503676355447,118.80710173823752,21.97429607927686,-47.317364,45.550964,-51.204117,-16.296412,8.694965,-11.907487,-29.14578,1.8943559,-16.418406,-4.2606444,-26.844831,-10.39389,-19.039934
