arquivo,jitter,pitch_medio,pitch_std,mfcc1_medio,mfcc2_medio,mfcc3_medio,mfcc4_medio,mfcc5_medio,mfcc6_medio,mfcc7_medio,mfcc8_medio,mfcc9_medio,mfcc10_medio,mfcc11_medio,mfcc12_medio,mfcc13_medio
voice159.wav,3.4527009479515374,227.46374579405415,13.1332258183079,-67.85377,2.676177,-44.75633,-25.435347,15.823074,-23.737738,-26.762775,-3.1309426,-22.132929,-20.204376,-25.383175,-2.232594,-16.934282
