arquivo,jitter,pitch_medio,pitch_std,mfcc1_medio,mfcc2_medio,mfcc3_medio,mfcc4_medio,mfcc5_medio,mfcc6_medio,mfcc7_medio,mfcc8_medio,mfcc9_medio,mfcc10_medio,mfcc11_medio,mfcc12_medio,mfcc13_medio
voice131.wav,2.514454290173163,156.15719989044067,9.073640367184254,-58.28601,-0.5684388,-30.646029,-59.676464,-3.2058318,-4.9679217,-15.257881,12.638152,2.1126664,-27.123497,-14.051398,-6.410889,-18.344044
