arquivo,jitter,pitch_medio,pitch_std,mfcc1_medio,mfcc2_medio,mfcc3_medio,mfcc4_medio,mfcc5_medio,mfcc6_medio,mfcc7_medio,mfcc8_medio,mfcc9_medio,mfcc10_medio,mfcc11_medio,mfcc12_medio,mfcc13_medio
voice092.wav,0.3924624715103101,137.26791751729144,1.3304134885320809,-74.07791,25.52371,-32.554043,-30.40255,2.142034,-7.9088955,-17.428356,6.75693,-9.7841,-3.4021297,-22.849926,-14.296961,-12.452771
