arquivo,jitter,pitch_medio,pitch_std,mfcc1_medio,mfcc2_medio,mfcc3_medio,mfcc4_medio,mfcc5_medio,mfcc6_medio,mfcc7_medio,mfcc8_medio,mfcc9_medio,mfcc10_medio,mfcc11_medio,mfcc12_medio,mfcc13_medio
voice179.wav,0.4105170358609696,220.26741553943663,0.9711380280652556,-166.00923,6.7559857,-27.255157,-16.550428,0.19621062,-17.964582,8.73418,2.3216424,-29.648531,2.0736055,-18.25207,-6.8457184,-18.621376
