arquivo,jitter,pitch_medio,pitch_std,mfcc1_medio,mfcc2_medio,mfcc3_medio,mfcc4_medio,mfcc5_medio,mfcc6_medio,mfcc7_medio,mfcc8_medio,mfcc9_medio,mfcc10_medio,mfcc11_medio,mfcc12_medio,mfcc13_medio
voice119.wav,18.246455134137204,253.56918023828504,50.79908251788607,-139.82436,-84.92101,-79.70572,20.392033,0.22393166,2.8963048,-34.596123,6.4453526,-14.602399,-7.5132275,-12.532305,-19.214214,1.7612066
