arquivo,jitter,pitch_medio,pitch_std,mfcc1_medio,mfcc2_medio,mfcc3_medio,mfcc4_medio,mfcc5_medio,mfcc6_medio,mfcc7_medio,mfcc8_medio,mfcc9_medio,mfcc10_medio,mfcc11_medio,mfcc12_medio,mfcc13_medio
voice198.wav,8.251638596043783,200.07750096022698,37.99598591443894,-79.27382,8.524705,-40.433567,2.3978088,8.12168,-8.390328,-23.442026,-0.36404526,-25.198776,-24.630848,-8.438329,-20.359352,-4.918305
