arquivo,jitter,pitch_medio,pitch_std,mfcc1_medio,mfcc2_medio,mfcc3_medio,mfcc4_medio,mfcc5_medio,mfcc6_medio,mfcc7_medio,mfcc8_medio,mfcc9_medio,mfcc10_medio,mfcc11_medio,mfcc12_medio,mfcc13_medio
voice140.wav,16.333025090687723,94.76324899541711,30.838135332777703,-17.16569,50.25715,-59.705555,-24.39909,-12.119272,-2.091077,-21.473793,9.284249,-19.005352,-30.02483,-11.927822,-20.161015,-6.686749
