arquivo,jitter,pitch_medio,pitch_std,mfcc1_medio,mfcc2_medio,mfcc3_medio,mfcc4_medio,mfcc5_medio,mfcc6_medio,mfcc7_medio,mfcc8_medio,mfcc9_medio,mfcc10_medio,mfcc11_medio,mfcc12_medio,mfcc13_medio
voice171.wav,17.236385070490194,159.57002870138842,62.50305414003099,16.078197,-0.80469346,-76.679344,-11.177374,7.370835,2.8510258,-26.99868,-7.785441,-30.726088,-9.796907,-18.13051,-14.384685,-14.328631
