arquivo,jitter,pitch_medio,pitch_std,mfcc1_medio,mfcc2_medio,mfcc3_medio,mfcc4_medio,mfcc5_medio,mfcc6_medio,mfcc7_medio,mfcc8_medio,mfcc9_medio,mfcc10_medio,mfcc11_medio,mfcc12_medio,mfcc13_medio
voice086.wav,3.9437961008262796,256.95545312430505,14.6830977047207,-83.75499,23.755995,-72.62202,-12.859389,12.585246,-16.983006,-10.330567,-5.317862,-22.994385,-14.324891,-15.072938,-8.992437,-21.731876
