arquivo,jitter,pitch_medio,pitch_std,mfcc1_medio,mfcc2_medio,mfcc3_medio,mfcc4_medio,mfcc5_medio,mfcc6_medio,mfcc7_medio,mfcc8_medio,mfcc9_medio,mfcc10_medio,mfcc11_medio,mfcc12_medio,mfcc13_medio
voice076.wav,9.05761036887835,133.78338548651504,21.240209675400326,-80.629875,-11.262018,-59.420944,-18.124086,-3.9441328,12.239672,-17.804337,8.502158,-0.030999755,-15.459673,-19.403961,-4.9613295,-19.566854
