arquivo,jitter,pitch_medio,pitch_std,mfcc1_medio,mfcc2_medio,mfcc3_medio,mfcc4_medio,mfcc5_medio,mfcc6_medio,mfcc7_medio,mfcc8_medio,mfcc9_medio,mfcc10_medio,mfcc11_medio,mfcc12_medio,mfcc13_medio
voice073.wav,2.941958600523743,183.37498635385552,10.677707114344123,-149.76067,13.780124,-46.16514,1.5374798,21.142479,8.725559,-10.757611,5.1142807,-31.468552,-7.6176896,-13.407342,-8.668133,-7.126032
