arquivo,jitter,pitch_medio,pitch_std,mfcc1_medio,mfcc2_medio,mfcc3_medio,mfcc4_medio,mfcc5_medio,mfcc6_medio,mfcc7_medio,mfcc8_medio,mfcc9_medio,mfcc10_medio,mfcc11_medio,mfcc12_medio,mfcc13_medio
voice093.wav,11.81299249374865,222.76679212814537,39.051535237620456,-14.976395,-22.157166,-86.7484,-29.210901,7.563087,-20.864908,-18.539738,-5.6613865,-21.923655,-14.914883,-6.9960637,-3.9263086,-12.211679
