arquivo,jitter,pitch_medio,pitch_std,mfcc1_medio,mfcc2_medio,mfcc3_medio,mfcc4_medio,mfcc5_medio,mfcc6_medio,mfcc7_medio,mfcc8_medio,mfcc9_medio,mfcc10_medio,mfcc11_medio,mfcc12_medio,mfcc13_medio
voice120.wav,9.111967785622387,171.0711957054685,32.77738307508332,-55.255203,16.239056,-48.698143,-89.42721,10.220283,-2.6622257,-18.516724,-1.3049917,-17.197693,1.8015007,-33.01151,-13.158203,-14.30425
