arquivo,jitter,pitch_medio,pitch_std,mfcc1_medio,mfcc2_medio,mfcc3_medio,mfcc4_medio,mfcc5_medio,mfcc6_medio,mfcc7_medio,mfcc8_medio,mfcc9_medio,mfcc10_medio,mfcc11_medio,mfcc12_medio,mfcc13_medio
voice044.wav,5.8409730837025045,196.11693724233365,16.248937893689906,-92.16194,16.240017,-65.92621,1.9596889,-1.8216367,-24.428772,2.451743,4.6535587,-4.2045474,-24.062452,-13.464781,-30.160812,1.346354
