arquivo,jitter,pitch_medio,pitch_std,mfcc1_medio,mfcc2_medio,mfcc3_medio,mfcc4_medio,mfcc5_medio,mfcc6_medio,mfcc7_medio,mfcc8_medio,mfcc9_medio,mfcc10_medio,mfcc11_medio,mfcc12_medio,mfcc13_medio
voice066.wav,0.3234084388579398,226.4809446991138,0.985965756956198,-163.3161,29.881458,-36.48859,-3.4150546,20.534056,-7.1791396,-15.289526,6.040829,-14.846134,-8.485772,-16.879818,-11.296827,-17.335102
