arquivo,jitter,pitch_medio,pitch_std,mfcc1_medio,mfcc2_medio,mfcc3_medio,mfcc4_medio,mfcc5_medio,mfcc6_medio,mfcc7_medio,mfcc8_medio,mfcc9_medio,mfcc10_medio,mfcc11_medio,mfcc12_medio,mfcc13_medio
voice114.wav,6.872507603259147,156.12363853517007,23.64867764842399,-51.1708,15.762166,-41.092087,-49.476612,-16.040058,19.30219,-40.499012,24.926605,-28.88617,-7.4016376,-29.852764,-4.115942,-10.763275
