arquivo,jitter,pitch_medio,pitch_std,mfcc1_medio,mfcc2_medio,mfcc3_medio,mfcc4_medio,mfcc5_medio,mfcc6_medio,mfcc7_medio,mfcc8_medio,mfcc9_medio,mfcc10_medio,mfcc11_medio,mfcc12_medio,mfcc13_medio
voice087.wav,6.126616322373867,290.71562264511783,29.590478451258623,-59.04409,-11.48061,-42.88596,-6.7781973,2.6745293,-13.385553,-5.0121894,-17.865252,-30.063549,-6.6112943,-22.88495,-12.623645,-13.146814
