arquivo,jitter,pitch_medio,pitch_std,mfcc1_medio,mfcc2_medio,mfcc3_medio,mfcc4_medio,mfcc5_medio,mfcc6_medio,mfcc7_medio,mfcc8_medio,mfcc9_medio,mfcc10_medio,mfcc11_medio,mfcc12_medio,mfcc13_medio
voice196.wav,8.049938628095946,196.71119185334686,45.88245646115558,-86.682205,43.683327,-35.513756,-3.4716306,-5.6257844,-13.950426,-25.189312,4.269202,-29.233633,-12.029583,-13.514807,-10.640088,-11.510407
