arquivo,jitter,pitch_medio,pitch_std,mfcc1_medio,mfcc2_medio,mfcc3_medio,mfcc4_medio,mfcc5_medio,mfcc6_medio,mfcc7_medio,mfcc8_medio,mfcc9_medio,mfcc10_medio,mfcc11_medio,mfcc12_medio,mfcc13_medio
voice079.wav,0.23735397479113315,149.2267735824108,0.6980991595776477,-131.30928,51.493004,-46.59243,-27.660442,12.350666,10.628802,-26.38689,-12.778125,2.9414485,-15.3882675,-21.626743,-3.6226795,-7.1274753
