arquivo,jitter,pitch_medio,pitch_std,mfcc1_medio,mfcc2_medio,mfcc3_medio,mfcc4_medio,mfcc5_medio,mfcc6_medio,mfcc7_medio,mfcc8_medio,mfcc9_medio,mfcc10_medio,mfcc11_medio,mfcc12_medio,mfcc13_medio
voice022.wav,8.826423817922622,221.89174406207786,40.554713811315345,-162.28435,41.603966,-24.353426,-17.894958,17.325842,-7.069232,-20.859552,-11.351485,4.0959,-30.309294,-35.48554,-7.962701,-21.200687
