arquivo,jitter,pitch_medio,pitch_std,mfcc1_medio,mfcc2_medio,mfcc3_medio,mfcc4_medio,mfcc5_medio,mfcc6_medio,mfcc7_medio,mfcc8_medio,mfcc9_medio,mfcc10_medio,mfcc11_medio,mfcc12_medio,mfcc13_medio
voice067.wav,0.3186304072287089,160.5988413485021,0.8431464121008929,-118.92167,13.616477,-38.35793,-2.9104915,-14.44917,-10.913818,-3.879423,13.908003,-13.535995,-18.307945,-8.439349,-12.926886,-20.700779
