arquivo,jitter,pitch_medio,pitch_std,mfcc1_medio,mfcc2_medio,mfcc3_medio,mfcc4_medio,mfcc5_medio,mfcc6_medio,mfcc7_medio,mfcc8_medio,mfcc9_medio,mfcc10_medio,mfcc11_medio,mfcc12_medio,mfcc13_medio
voice038.wav,0.2938429041184674,92.84193449358995,0.8963924632665036,-46.434723,30.821768,-61.0897,-44.594215,16.530752,19.942055,-27.524424,19.60344,-4.0405025,-18.7713,-14.034894,-10.342598,-1.2983501
