arquivo,jitter,pitch_medio,pitch_std,mfcc1_medio,mfcc2_medio,mfcc3_medio,mfcc4_medio,mfcc5_medio,mfcc6_medio,mfcc7_medio,mfcc8_medio,mfcc9_medio,mfcc10_medio,mfcc11_medio,mfcc12_medio,mfcc13_medio
voice137.wav,0.18815734968920575,150.77146912595816,0.8240462806362449,-92.24254,41.872425,-53.940693,-47.7345,-10.346218,2.544205,-14.154962,-4.0428257,23.718975,-28.41242,-15.082332,-27.51533,-1.0298595
