arquivo,jitter,pitch_medio,pitch_std,mfcc1_medio,mfcc2_medio,mfcc3_medio,mfcc4_medio,mfcc5_medio,mfcc6_medio,mfcc7_medio,mfcc8_medio,mfcc9_medio,mfcc10_medio,mfcc11_medio,mfcc12_medio,mfcc13_medio
voice047.wav,1.675155664581599,121.43630776633722,11.966283234709366,-81.2258,27.049839,-38.40035,-45.668205,6.4124084,19.038517,-27.466314,3.6534548,5.881333,-14.973501,-9.62576,-32.540348,-8.586868
