arquivo,jitter,pitch_medio,pitch_std,mfcc1_medio,mfcc2_medio,mfcc3_medio,mfcc4_medio,mfcc5_medio,mfcc6_medio,mfcc7_medio,mfcc8_medio,mfcc9_medio,mfcc10_medio,mfcc11_medio,mfcc12_medio,mfcc13_medio
voice130.wav,13.004822612977081,137.8880415345363,30.042536241324587,-51.379284,79.14459,-62.128685,-16.582073,-15.487383,-3.0795276,-21.610735,-0.84602565,-1.5599456,-25.621847,-14.24731,-10.513162,-13.945179
