arquivo,jitter,pitch_medio,pitch_std,mfcc1_medio,mfcc2_medio,mfcc3_medio,mfcc4_medio,mfcc5_medio,mfcc6_medio,mfcc7_medio,mfcc8_medio,mfcc9_medio,mfcc10_medio,mfcc11_medio,mfcc12_medio,mfcc13_medio
voice041.wav,7.234577369755856,120.58708650581238,21.426942321366802,-74.73584,18.139235,-28.495943,-55.379036,2.7022278,24.689365,-35.46606,10.924715,-0.37092674,-16.518782,-29.46263,6.0681334,-8.780577
