arquivo,jitter,pitch_medio,pitch_std,mfcc1_medio,mfcc2_medio,mfcc3_medio,mfcc4_medio,mfcc5_medio,mfcc6_medio,mfcc7_medio,mfcc8_medio,mfcc9_medio,mfcc10_medio,mfcc11_medio,mfcc12_medio,mfcc13_medio
voice148.wav,13.813950983093983,102.6089615485932,41.92377187007286,-84.924355,63.57569,-54.572166,-23.419565,1.7592086,-3.0925758,-16.124613,-6.265163,-8.021071,-21.205128,-12.738143,-13.210912,-9.050949
