arquivo,jitter,pitch_medio,pitch_std,mfcc1_medio,mfcc2_medio,mfcc3_medio,mfcc4_medio,mfcc5_medio,mfcc6_medio,mfcc7_medio,mfcc8_medio,mfcc9_medio,mfcc10_medio,mfcc11_medio,mfcc12_medio,mfcc13_medio
voice103.wav,2.9179019541724367,189.07894380369143,11.188054170380585,-117.95692,25.825167,-71.38634,-14.056403,12.012523,6.952233,-21.38895,5.125673,-19.936882,-11.84642,-5.3530517,-13.178058,-12.47507
