arquivo,jitter,pitch_medio,pitch_std,mfcc1_medio,mfcc2_medio,mfcc3_medio,mfcc4_medio,mfcc5_medio,mfcc6_medio,mfcc7_medio,mfcc8_medio,mfcc9_medio,mfcc10_medio,mfcc11_medio,mfcc12_medio,mfcc13_medio
voice177.wav,15.908582898103495,172.95925674973938,51.23934492237789,-44.491158,4.042027,-38.63779,-29.725037,3.1322308,-11.967718,-2.6870255,-5.7508674,-40.516804,2.0419605,-13.604512,-4.08705,-12.7564945
