arquivo,jitter,pitch_medio,pitch_std,mfcc1_medio,mfcc2_medio,mfcc3_medio,mfcc4_medio,mfcc5_medio,mfcc6_medio,mfcc7_medio,mfcc8_medio,mfcc9_medio,mfcc10_medio,mfcc11_medio,mfcc12_medio,mfcc13_medio
voice040.wav,2.1830253745264447,135.85135253287473,8.136568178938091,-68.36913,42.19488,-53.296627,-55.399258,-3.063713,14.081734,-20.578676,-3.8719292,7.0453377,-26.020903,-1.019364,-31.873962,-0.40039316
