arquivo,jitter,pitch_medio,pitch_std,mfcc1_medio,mfcc2_medio,mfcc3_medio,mfcc4_medio,mfcc5_medio,mfcc6_medio,mfcc7_medio,mfcc8_medio,mfcc9_medio,mfcc10_medio,mfcc11_medio,mfcc12_medio,mfcc13_medio
voice156.wav,0.4928505870522841,138.22629239258055,2.4813550767477808,-17.789097,12.352745,-74.348785,-43.779114,15.15387,-3.0655816,-26.701248,8.994615,-30.325811,-15.068836,-16.133396,-1.4220622,-11.581766
