arquivo,jitter,pitch_medio,pitch_std,mfcc1_medio,mfcc2_medio,mfcc3_medio,mfcc4_medio,mfcc5_medio,mfcc6_medio,mfcc7_medio,mfcc8_medio,mfcc9_medio,mfcc10_medio,mfcc11_medio,mfcc12_medio,mfcc13_medio
voice060.wav,0.23917980080969453,142.6340250427269,0.5905889523190314,-108.412315,29.250023,-43.598797,-37.341496,27.912022,-0.70843506,-15.089927,12.145233,-9.804284,-20.967218,-20.785746,-12.582511,-10.41441
