arquivo,jitter,pitch_medio,pitch_std,mfcc1_medio,mfcc2_medio,mfcc3_medio,mfcc4_medio,mfcc5_medio,mfcc6_medio,mfcc7_medio,mfcc8_medio,mfcc9_medio,mfcc10_medio,mfcc11_medio,mfcc12_medio,mfcc13_medio
voice178.wav,3.4980109870126004,235.53173139907574,13.508729283243706,-69.715355,18.7406,-33.470818,-20.177362,-0.18554145,-7.9252944,-7.4964805,-10.365476,-33.07039,0.6367653,-11.627798,-11.06935,-13.139748
