arquivo,jitter,pitch_medio,pitch_std,mfcc1_medio,mfcc2_medio,mfcc3_medio,mfcc4_medio,mfcc5_medio,mfcc6_medio,mfcc7_medio,mfcc8_medio,mfcc9_medio,mfcc10_medio,mfcc11_medio,mfcc12_medio,mfcc13_medio
voice187.wav,10.742722864288533,242.756844431238,31.29784145807325,-63.11114,15.056707,-59.40122,-6.262087,-11.319619,1.4405946,-5.843736,-6.0904517,-34.125267,7.8219914,-21.691277,-9.964563,-7.32035
