arquivo,jitter,pitch_medio,pitch_std,mfcc1_medio,mfcc2_medio,mfcc3_medio,mfcc4_medio,mfcc5_medio,mfcc6_medio,mfcc7_medio,mfcc8_medio,mfcc9_medio,mfcc10_medio,mfcc11_medio,mfcc12_medio,mfcc13_medio
voice136.wav,31.1623402822708,248.4875104817401,67.36217350786661,-24.949438,5.697419,-66.42278,7.270983,-21.098738,7.5985985,-24.654919,-16.779846,-27.559147,-8.401216,-13.608557,-21.366484,0.6273855
