arquivo,jitter,pitch_medio,pitch_std,mfcc1_medio,mfcc2_medio,mfcc3_medio,mfcc4_medio,mfcc5_medio,mfcc6_medio,mfcc7_medio,mfcc8_medio,mfcc9_medio,mfcc10_medio,mfcc11_medio,mfcc12_medio,mfcc13_medio
voice056.wav,2.066698072110178,192.13567677067428,6.10026677016615,-149.52083,40.253162,-54.606102,-10.23848,14.266276,3.8925993,-14.007193,7.764136,-18.327532,-15.626722,-9.867648,-17.97171,-10.177643
