arquivo,jitter,pitch_medio,pitch_std,mfcc1_medio,mfcc2_medio,mfcc3_medio,mfcc4_medio,mfcc5_medio,mfcc6_medio,mfcc7_medio,mfcc8_medio,mfcc9_medio,mfcc10_medio,mfcc11_medio,mfcc12_medio,mfcc13_medio
voice157.wav,9.634662260518152,148.76007672147063,35.775581229491394,-36.329823,75.47161,-82.15473,-21.486622,-28.965693,9.870809,-37.930313,10.355454,-12.249773,-32.78577,-3.0630245,-15.414899,-15.359711
