arquivo,jitter,pitch_medio,pitch_std,mfcc1_medio,mfcc2_medio,mfcc3_medio,mfcc4_medio,mfcc5_medio,mfcc6_medio,mfcc7_medio,mfcc8_medio,mfcc9_medio,mfcc10_medio,mfcc11_medio,mfcc12_medio,mfcc13_medio
voice027.wav,0.47660075420748826,160.23198546639193,1.053401401256247,-107.04499,20.809183,-73.69374,-15.533797,-8.567926,-5.9778438,0.44177657,-3.97371,18.192106,-20.409578,-29.40097,-5.010003,-16.682808
