arquivo,jitter,pitch_medio,pitch_std,mfcc1_medio,mfcc2_medio,mfcc3_medio,mfcc4_medio,mfcc5_medio,mfcc6_medio,mfcc7_medio,mfcc8_medio,mfcc9_medio,mfcc10_medio,mfcc11_medio,mfcc12_medio,mfcc13_medio
voice173.wav,18.18395142238331,187.7822206643338,48.77868733140263,-16.199926,46.46477,-56.762817,-17.549046,-14.848062,-13.815321,-23.72731,-11.105161,-3.5378878,-39.316128,-4.106426,-16.379066,-0.36244103
