arquivo,jitter,pitch_medio,pitch_std,mfcc1_medio,mfcc2_medio,mfcc3_medio,mfcc4_medio,mfcc5_medio,mfcc6_medio,mfcc7_medio,mfcc8_medio,mfcc9_medio,mfcc10_medio,mfcc11_medio,mfcc12_medio,mfcc13_medio
voice207.wav,2.8296396120436684,192.6621050843355,11.206016785373079,-86.09327,45.686,-22.180279,-30.648796,12.565494,-10.988746,-17.428692,6.7743845,-9.429881,-13.45781,-10.646238,-2.8766487,-2.245939
