arquivo,jitter,pitch_medio,pitch_std,mfcc1_medio,mfcc2_medio,mfcc3_medio,mfcc4_medio,mfcc5_medio,mfcc6_medio,mfcc7_medio,mfcc8_medio,mfcc9_medio,mfcc10_medio,mfcc11_medio,mfcc12_medio,mfcc13_medio
voice200.wav,3.474142559348239,108.41937071052966,15.72107716492782,-69.996826,-21.213148,-24.649708,-79.21643,11.070376,8.064866,-19.668638,5.5547214,9.738962,-10.908757,-18.843395,-28.756453,6.1221085
