arquivo,jitter,pitch_medio,pitch_std,mfcc1_medio,mfcc2_medio,mfcc3_medio,mfcc4_medio,mfcc5_medio,mfcc6_medio,mfcc7_medio,mfcc8_medio,mfcc9_medio,mfcc10_medio,mfcc11_medio,mfcc12_medio,mfcc13_medio
voice167.wav,0.3715627108525093,141.90988143688702,0.9809982006067262,-89.22551,61.451473,-26.045712,-70.938705,13.65859,-17.070211,-31.15016,16.001936,0.30506214,-5.106702,-35.673588,-15.216984,-14.84848
