arquivo,jitter,pitch_medio,pitch_std,mfcc1_medio,mfcc2_medio,mfcc3_medio,mfcc4_medio,mfcc5_medio,mfcc6_medio,mfcc7_medio,mfcc8_medio,mfcc9_medio,mfcc10_medio,mfcc11_medio,mfcc12_medio,mfcc13_medio
voice112.wav,12.034837616683092,200.30960235344978,34.87677337023746,-60.642567,46.595806,-36.045383,-19.396626,-0.7633995,-2.635576,-15.475623,-2.0023882,-30.607754,-14.8218975,-5.958479,-16.90366,-2.0153859
