arquivo,jitter,pitch_medio,pitch_std,mfcc1_medio,mfcc2_medio,mfcc3_medio,mfcc4_medio,mfcc5_medio,mfcc6_medio,mfcc7_medio,mfcc8_medio,mfcc9_medio,mfcc10_medio,mfcc11_medio,mfcc12_medio,mfcc13_medio
voice199.wav,7.459345961268927,249.30865311348163,20.424706366072876,-147.62296,33.28885,-30.620008,-44.895424,31.661188,1.064543,-19.665009,-2.59196,-9.343354,-8.309388,-23.719494,-13.976485,-12.172174
