arquivo,jitter,pitch_medio,pitch_std,mfcc1_medio,mfcc2_medio,mfcc3_medio,mfcc4_medio,mfcc5_medio,mfcc6_medio,mfcc7_medio,mfcc8_medio,mfcc9_medio,mfcc10_medio,mfcc11_medio,mfcc12_medio,mfcc13_medio
voice071.wav,0.45005798389721546,166.46214364491667,4.160041102511703,-182.51508,38.23419,-33.209045,11.983137,-0.6738631,-6.766215,-5.681829,0.1538473,-21.152197,2.0209975,-5.6403985,-15.671306,-23.614386
