arquivo,jitter,pitch_medio,pitch_std,mfcc1_medio,mfcc2_medio,mfcc3_medio,mfcc4_medio,mfcc5_medio,mfcc6_medio,mfcc7_medio,mfcc8_medio,mfcc9_medio,mfcc10_medio,mfcc11_medio,mfcc12_medio,mfcc13_medio
voice175.wav,0.30287444211059766,204.8858563772505,1.237107470053255,-66.85212,28.241758,-57.85078,-23.560263,5.3317976,-6.933231,-13.454543,5.1323633,-4.174687,-26.875195,-0.66010046,-12.334297,-6.9288087
