arquivo,jitter,pitch_medio,pitch_std,mfcc1_medio,mfcc2_medio,mfcc3_medio,mfcc4_medio,mfcc5_medio,mfcc6_medio,mfcc7_medio,mfcc8_medio,mfcc9_medio,mfcc10_medio,mfcc11_medio,mfcc12_medio,mfcc13_medio
voice037.wav,6.437492104426632,150.21450252760545,15.02644461151769,-97.9849,6.572733,-9.698906,-24.07782,-4.5132136,-7.0875864,-15.154354,11.229171,-9.467519,-22.455614,-19.506975,-16.538647,-15.334434
