arquivo,jitter,pitch_medio,pitch_std,mfcc1_medio,mfcc2_medio,mfcc3_medio,mfcc4_medio,mfcc5_medio,mfcc6_medio,mfcc7_medio,mfcc8_medio,mfcc9_medio,mfcc10_medio,mfcc11_medio,mfcc12_medio,mfcc13_medio
voice185.wav,0.6657271187828154,171.07180921202925,5.70194019148378,-63.238594,0.56793094,-68.60433,-15.437355,-16.207767,-9.291982,-2.398918,1.2717865,6.5882525,-41.596508,-2.711513,-8.787045,-14.660843
