arquivo,jitter,pitch_medio,pitch_std,mfcc1_medio,mfcc2_medio,mfcc3_medio,mfcc4_medio,mfcc5_medio,mfcc6_medio,mfcc7_medio,mfcc8_medio,mfcc9_medio,mfcc10_medio,mfcc11_medio,mfcc12_medio,mfcc13_medio
voice039.wav,9.464716947648755,214.70135638679432,30.12788785682659,-92.99101,-26.121773,-51.63842,-16.919287,18.629688,4.3520904,-6.2125635,1.3895836,-23.76886,-4.9115667,-22.278692,-10.230966,-13.481032
