arquivo,jitter,pitch_medio,pitch_std,mfcc1_medio,mfcc2_medio,mfcc3_medio,mfcc4_medio,mfcc5_medio,mfcc6_medio,mfcc7_medio,mfcc8_medio,mfcc9_medio,mfcc10_medio,mfcc11_medio,mfcc12_medio,mfcc13_medio
voice083.wav,9.637315641378034,127.6009848478961,28.35174141479055,-57.352936,-6.669102,-65.16547,-37.180676,14.391033,12.495474,-25.976114,16.54097,-16.303205,-9.054379,-15.208851,-3.3901722,-13.591482
