arquivo,jitter,pitch_medio,pitch_std,mfcc1_medio,mfcc2_medio,mfcc3_medio,mfcc4_medio,mfcc5_medio,mfcc6_medio,mfcc7_medio,mfcc8_medio,mfcc9_medio,mfcc10_medio,mfcc11_medio,mfcc12_medio,mfcc13_medio
voice052.wav,0.5844209463191208,185.87738860063564,1.2229383477405131,-205.80513,45.12044,-41.344894,15.832501,-4.6112094,19.603817,-3.55822,0.9826483,-14.426597,-19.081818,-9.973464,-22.05998,-0.9559243
