arquivo,jitter,pitch_medio,pitch_std,mfcc1_medio,mfcc2_medio,mfcc3_medio,mfcc4_medio,mfcc5_medio,mfcc6_medio,mfcc7_medio,mfcc8_medio,mfcc9_medio,mfcc10_medio,mfcc11_medio,mfcc12_medio,mfcc13_medio
voice141.wav,39.55368645679967,109.71104923774445,56.14981924864458,-254.05888,53.14486,16.982307,8.594644,-3.688927,-5.340433,-13.123877,-4.432174,-11.892999,-6.831256,-8.896032,-4.110037,-10.305001
