arquivo,jitter,pitch_medio,pitch_std,mfcc1_medio,mfcc2_medio,mfcc3_medio,mfcc4_medio,mfcc5_medio,mfcc6_medio,mfcc7_medio,mfcc8_medio,mfcc9_medio,mfcc10_medio,mfcc11_medio,mfcc12_medio,mfcc13_medio
voice123.wav,3.1584491856373504,185.04711885799102,15.1934091802569,-81.4658,8.742462,-34.459106,-24.945417,2.3763442,-3.0354311,-6.9015894,-4.493987,-28.60746,-1.5019559,-4.127201,-10.829157,-13.601548
