arquivo,jitter,pitch_medio,pitch_std,mfcc1_medio,mfcc2_medio,mfcc3_medio,mfcc4_medio,mfcc5_medio,mfcc6_medio,mfcc7_medio,mfcc8_medio,mfcc9_medio,mfcc10_medio,mfcc11_medio,mfcc12_medio,mfcc13_medio
voice155.wav,8.447904575728822,189.62210043389555,30.772095591067806,-39.894505,-26.723072,-53.298267,-18.761683,15.689181,-7.5468154,-20.245861,-7.75787,-29.33772,-6.2713714,-10.405897,-15.728677,-14.367225
