arquivo,jitter,pitch_medio,pitch_std,mfcc1_medio,mfcc2_medio,mfcc3_medio,mfcc4_medio,mfcc5_medio,mfcc6_medio,mfcc7_medio,mfcc8_medio,mfcc9_medio,mfcc10_medio,mfcc11_medio,mfcc12_medio,mfcc13_medio
voice015.wav,0.4520708646441472,121.58891513079536,1.0908823441867181,-90.549545,76.36702,-66.80616,-57.961014,8.330429,18.129915,-29.918531,8.987197,-3.2506082,-9.157684,-29.350481,-8.982907,-1.3048068
