arquivo,jitter,pitch_medio,pitch_std,mfcc1_medio,mfcc2_medio,mfcc3_medio,mfcc4_medio,mfcc5_medio,mfcc6_medio,mfcc7_medio,mfcc8_medio,mfcc9_medio,mfcc10_medio,mfcc11_medio,mfcc12_medio,mfcc13_medio
voice032.wav,0.1657117612481525,156.52463288499652,0.5310802573462517,-105.518234,-1.8073629,-23.302523,-12.581803,-17.740648,-15.5457945,-2.4378839,12.319666,-3.4770434,-44.29691,8.882309,-22.40429,-9.069418
