arquivo,jitter,pitch_medio,pitch_std,mfcc1_medio,mfcc2_medio,mfcc3_medio,mfcc4_medio,mfcc5_medio,mfcc6_medio,mfcc7_medio,mfcc8_medio,mfcc9_medio,mfcc10_medio,mfcc11_medio,mfcc12_medio,mfcc13_medio
voice113.wav,24.484967327458165,133.03361056514734,49.89594942659069,-199.77988,47.36465,-11.244989,-10.646617,-6.9320045,-12.451912,-13.8801155,-5.886093,-14.505452,-7.8603306,-7.9496136,-3.9593623,-9.093214
