arquivo,jitter,pitch_medio,pitch_std,mfcc1_medio,mfcc2_medio,mfcc3_medio,mfcc4_medio,mfcc5_medio,mfcc6_medio,mfcc7_medio,mfcc8_medio,mfcc9_medio,mfcc10_medio,mfcc11_medio,mfcc12_medio,mfcc13_medio
voice063.wav,10.701772944145121,142.63991267634216,24.744479917086384,-114.61851,19.554255,-53.942394,-28.166676,37.31619,-7.152861,-4.1372757,-15.532319,8.169016,-26.424723,4.618882,-21.528524,-10.88436
