arquivo,jitter,pitch_medio,pitch_std,mfcc1_medio,mfcc2_medio,mfcc3_medio,mfcc4_medio,mfcc5_medio,mfcc6_medio,mfcc7_medio,mfcc8_medio,mfcc9_medio,mfcc10_medio,mfcc11_medio,mfcc12_medio,mfcc13_medio
voice102.wav,20.070533015735542,170.29987351239652,81.2239445291977,-222.49657,5.2813745,-32.45965,-3.3715029,4.503362,-5.7726264,-16.975811,8.61612,-21.652964,-6.6345754,-3.4546082,-10.174298,-10.885691
