arquivo,jitter,pitch_medio,pitch_std,mfcc1_medio,mfcc2_medio,mfcc3_medio,mfcc4_medio,mfcc5_medio,mfcc6_medio,mfcc7_medio,mfcc8_medio,mfcc9_medio,mfcc10_medio,mfcc11_medio,mfcc12_medio,mfcc13_medio
voice146.wav,1.5585153183854519,222.15343786337425,2.2000785109723378,-31.732605,34.561287,-53.43065,-53.13135,15.11596,-7.3169627,-14.666536,-10.872475,6.4751873,-40.343678,-6.0226274,-31.09612,7.7536845
