arquivo,jitter,pitch_medio,pitch_std,mfcc1_medio,mfcc2_medio,mfcc3_medio,mfcc4_medio,mfcc5_medio,mfcc6_medio,mfcc7_medio,mfcc8_medio,mfcc9_medio,mfcc10_medio,mfcc11_medio,mfcc12_medio,mfcc13_medio
voice089.wav,5.322366301114703,260.20817774203346,15.591966681704088,-123.73845,-3.3525035,-98.67133,-32.800423,-6.211613,16.85486,-26.814022,-2.8792655,-1.6102124,-30.762613,-8.303144,1.8347341,-23.397213
