arquivo,jitter,pitch_medio,pitch_std,mfcc1_medio,mfcc2_medio,mfcc3_medio,mfcc4_medio,mfcc5_medio,mfcc6_medio,mfcc7_medio,mfcc8_medio,mfcc9_medio,mfcc10_medio,mfcc11_medio,mfcc12_medio,mfcc13_medio
voice081.wav,3.048802255708841,109.66502386261922,21.494056815656464,-51.076862,4.6854796,-69.10971,-8.034232,11.379533,17.398909,-18.55305,15.305862,-18.5228,-14.203699,0.21729065,-10.571611,-18.12578
