arquivo,jitter,pitch_medio,pitch_std,mfcc1_medio,mfcc2_medio,mfcc3_medio,mfcc4_medio,mfcc5_medio,mfcc6_medio,mfcc7_medio,mfcc8_medio,mfcc9_medio,mfcc10_medio,mfcc11_medio,mfcc12_medio,mfcc13_medio
voice107.wav,18.317919691254573,78.08934388777475,43.879008107472124,-85.81336,89.827324,-50.537006,-38.379856,-14.098195,-18.89149,-21.370298,-2.9621062,4.638433,-0.94165,-26.660538,-34.89211,-6.1157537
