arquivo,jitter,pitch_medio,pitch_std,mfcc1_medio,mfcc2_medio,mfcc3_medio,mfcc4_medio,mfcc5_medio,mfcc6_medio,mfcc7_medio,mfcc8_medio,mfcc9_medio,mfcc10_medio,mfcc11_medio,mfcc12_medio,mfcc13_medio
voice168.wav,10.267368464141109,158.31158933119042,41.82447571256374,-92.234886,37.427593,-52.664673,-5.744636,23.243,-12.111858,-22.419348,-0.97724956,-27.379564,-8.914819,-16.276794,-11.286564,-20.07044
