arquivo,jitter,pitch_medio,pitch_std,mfcc1_medio,mfcc2_medio,mfcc3_medio,mfcc4_medio,mfcc5_medio,mfcc6_medio,mfcc7_medio,mfcc8_medio,mfcc9_medio,mfcc10_medio,mfcc11_medio,mfcc12_medio,mfcc13_medio
voice095.wav,0.38048695242600244,143.0512187699367,2.3353453531294885,-65.245026,-18.69406,-81.36043,-15.534617,4.564979,12.158355,-21.121286,6.5051312,-2.970858,-14.866563,-5.8505883,-14.230365,-17.174614
