arquivo,jitter,pitch_medio,pitch_std,mfcc1_medio,mfcc2_medio,mfcc3_medio,mfcc4_medio,mfcc5_medio,mfcc6_medio,mfcc7_medio,mfcc8_medio,mfcc9_medio,mfcc10_medio,mfcc11_medio,mfcc12_medio,mfcc13_medio
voice011.wav,2.819187040520204,172.7229635125947,10.247972698362787,-71.399414,7.578618,-69.88231,-16.948772,0.4666281,9.954148,-24.741507,16.646717,-14.940658,-23.569633,-10.708727,-6.125359,-11.716564
