arquivo,jitter,pitch_medio,pitch_std,mfcc1_medio,mfcc2_medio,mfcc3_medio,mfcc4_medio,mfcc5_medio,mfcc6_medio,mfcc7_medio,mfcc8_medio,mfcc9_medio,mfcc10_medio,mfcc11_medio,mfcc12_medio,mfcc13_medio
voice182.wav,10.022332552400353,229.34876881411145,22.979351421757716,-73.17711,17.45569,-39.57688,-14.268508,2.8090706,-2.4405882,-14.0472555,-14.029504,-30.349844,4.226697,-12.812537,-16.790798,-8.22514
