arquivo,jitter,pitch_medio,pitch_std,mfcc1_medio,mfcc2_medio,mfcc3_medio,mfcc4_medio,mfcc5_medio,mfcc6_medio,mfcc7_medio,mfcc8_medio,mfcc9_medio,mfcc10_medio,mfcc11_medio,mfcc12_medio,mfcc13_medio
voice003.wav,6.0498694400676865,140.9066109240614,14.07333574220398,-57.845436,-3.4348495,-42.967606,-35.28869,3.7672498,5.0819697,-20.880665,13.056897,-4.589232,-28.70412,-10.099689,-0.1451974,-10.543688
