arquivo,jitter,pitch_medio,pitch_std,mfcc1_medio,mfcc2_medio,mfcc3_medio,mfcc4_medio,mfcc5_medio,mfcc6_medio,mfcc7_medio,mfcc8_medio,mfcc9_medio,mfcc10_medio,mfcc11_medio,mfcc12_medio,mfcc13_medio
voice106.wav,0.17384407246169872,156.91460005571616,0.412747345363113,-109.494156,35.17245,-9.004493,-14.134423,2.0555222,-20.980213,-35.243786,18.62838,-3.5523806,-4.242694,-25.748772,-19.10621,-13.935699
