arquivo,jitter,pitch_medio,pitch_std,mfcc1_medio,mfcc2_medio,mfcc3_medio,mfcc4_medio,mfcc5_medio,mfcc6_medio,mfcc7_medio,mfcc8_medio,mfcc9_medio,mfcc10_medio,mfcc11_medio,mfcc12_medio,mfcc13_medio
voice024.wav,0.2657219597861296,184.44102686985107,1.0656228128189853,-125.56245,53.904274,-32.30616,-28.715322,-2.894982,-8.20684,-25.620672,20.418726,-7.2469378,-22.560392,-8.269784,-17.844488,-9.874519
