arquivo,jitter,pitch_medio,pitch_std,mfcc1_medio,mfcc2_medio,mfcc3_medio,mfcc4_medio,mfcc5_medio,mfcc6_medio,mfcc7_medio,mfcc8_medio,mfcc9_medio,mfcc10_medio,mfcc11_medio,mfcc12_medio,mfcc13_medio
voice035.wav,2.5580653199656362,119.24658425737549,19.703339382736164,-73.588066,13.760549,-17.63957,-37.756893,-7.08926,9.781162,-35.118263,5.3352213,15.024873,-8.654467,-30.267813,-10.067737,-26.60892
