arquivo,jitter,pitch_medio,pitch_std,mfcc1_medio,mfcc2_medio,mfcc3_medio,mfcc4_medio,mfcc5_medio,mfcc6_medio,mfcc7_medio,mfcc8_medio,mfcc9_medio,mfcc10_medio,mfcc11_medio,mfcc12_medio,mfcc13_medio
voice190.wav,0.38455563918099006,258.41551007384624,1.267321919498833,-98.49332,-2.7985423,-85.6254,-7.4369802,-8.2713785,-8.826258,-26.889692,-4.423425,-16.26972,-11.693416,-10.127816,-22.825312,-3.9336197
