arquivo,jitter,pitch_medio,pitch_std,mfcc1_medio,mfcc2_medio,mfcc3_medio,mfcc4_medio,mfcc5_medio,mfcc6_medio,mfcc7_medio,mfcc8_medio,mfcc9_medio,mfcc10_medio,mfcc11_medio,mfcc12_medio,mfcc13_medio
voice096.wav,7.946309789455157,264.72643061714666,34.49960423110488,-102.160194,-14.619756,-58.43517,-9.06575,9.5156555,-28.051441,-6.102696,2.0966687,-25.94546,-6.21374,-21.004114,-12.225239,-13.226708
