arquivo,jitter,pitch_medio,pitch_std,mfcc1_medio,mfcc2_medio,mfcc3_medio,mfcc4_medio,mfcc5_medio,mfcc6_medio,mfcc7_medio,mfcc8_medio,mfcc9_medio,mfcc10_medio,mfcc11_medio,mfcc12_medio,mfcc13_medio
voice030.wav,3.4182466046307,190.7039926325519,11.242833644785163,-90.68713,-11.512591,-56.679676,7.193658,25.430336,-8.412177,-11.042111,-12.911424,-16.800064,-8.875869,-1.1550881,-11.167877,-15.277546
