arquivo,jitter,pitch_medio,pitch_std,mfcc1_medio,mfcc2_medio,mfcc3_medio,mfcc4_medio,mfcc5_medio,mfcc6_medio,mfcc7_medio,mfcc8_medio,mfcc9_medio,mfcc10_medio,mfcc11_medio,mfcc12_medio,mfcc13_medio
voice117.wav,32.36054730231184,140.52160872861361,63.80957101449441,-83.11561,44.041504,-38.903156,-25.185741,7.043404,-24.001133,-14.815161,1.0998322,-27.303911,-12.285853,-6.395737,2.9908519,-15.105879
