arquivo,jitter,pitch_medio,pitch_std,mfcc1_medio,mfcc2_medio,mfcc3_medio,mfcc4_medio,mfcc5_medio,mfcc6_medio,mfcc7_medio,mfcc8_medio,mfcc9_medio,mfcc10_medio,mfcc11_medio,mfcc12_medio,mfcc13_medio
voice055.wav,0.2888353085110703,146.36807019464266,0.47719589783106386,-119.512955,64.60693,-41.58666,-29.249493,-11.567899,13.929163,-10.637288,-3.4533362,-1.1799808,-21.605364,-21.894953,-10.863225,-4.745958
