arquivo,jitter,pitch_medio,pitch_std,mfcc1_medio,mfcc2_medio,mfcc3_medio,mfcc4_medio,mfcc5_medio,mfcc6_medio,mfcc7_medio,mfcc8_medio,mfcc9_medio,mfcc10_medio,mfcc11_medio,mfcc12_medio,mfcc13_medio
voice134.wav,0.3312036610400601,297.63044494387145,0.7911283394702601,-115.26535,46.873558,-59.94127,-0.3150443,-2.856863,-14.991862,-19.973238,0.327957,-25.44685,-11.283537,1.1243384,-15.581103,-14.756944
