arquivo,jitter,pitch_medio,pitch_std,mfcc1_medio,mfcc2_medio,mfcc3_medio,mfcc4_medio,mfcc5_medio,mfcc6_medio,mfcc7_medio,mfcc8_medio,mfcc9_medio,mfcc10_medio,mfcc11_medio,mfcc12_medio,mfcc13_medio
voice074.wav,2.655883679048986,154.1871135990719,16.852220066608236,-99.10416,51.307568,-65.37424,-26.102608,-1.0946354,-24.663649,8.217032,-8.005441,-4.401625,-19.26388,-11.964038,-21.182566,3.4019046
