arquivo,jitter,pitch_medio,pitch_std,mfcc1_medio,mfcc2_medio,mfcc3_medio,mfcc4_medio,mfcc5_medio,mfcc6_medio,mfcc7_medio,mfcc8_medio,mfcc9_medio,mfcc10_medio,mfcc11_medio,mfcc12_medio,mfcc13_medio
voice026.wav,0.39565984914369245,147.10476739175007,1.1004592114883576,-70.363174,27.484196,-50.754417,-20.778522,1.7965508,-9.965223,-4.974664,-3.508467,0.6214418,-26.65076,-15.800113,-9.011354,-7.3738065
