arquivo,jitter,pitch_medio,pitch_std,mfcc1_medio,mfcc2_medio,mfcc3_medio,mfcc4_medio,mfcc5_medio,mfcc6_medio,mfcc7_medio,mfcc8_medio,mfcc9_medio,mfcc10_medio,mfcc11_medio,mfcc12_medio,mfcc13_medio
voice105.wav,7.255844079695346,176.12742418291958,18.084408750834744,-94.083595,49.490326,-66.65756,4.379873,-8.975298,-7.991731,-5.869267,3.8660877,-37.997143,-9.771826,-16.448044,-12.658348,-3.4767892
