arquivo,jitter,pitch_medio,pitch_std,mfcc1_medio,mfcc2_medio,mfcc3_medio,mfcc4_medio,mfcc5_medio,mfcc6_medio,mfcc7_medio,mfcc8_medio,mfcc9_medio,mfcc10_medio,mfcc11_medio,mfcc12_medio,mfcc13_medio
voice183.wav,0.2579393678858637,199.00665202817703,0.578607812701704,-216.90175,45.191162,-36.20044,4.7012625,2.3436627,-7.795023,-5.7726765,1.688762,-15.397777,-8.742384,-6.5462537,-14.2361765,-14.561333
