arquivo,jitter,pitch_medio,pitch_std,mfcc1_medio,mfcc2_medio,mfcc3_medio,mfcc4_medio,mfcc5_medio,mfcc6_medio,mfcc7_medio,mfcc8_medio,mfcc9_medio,mfcc10_medio,mfcc11_medio,mfcc12_medio,mfcc13_medio
voice204.wav,5.165173637293154,234.98772506295816,55.36117619254317,-193.24945,46.871727,-22.408726,-27.459625,29.407923,2.5449533,-16.204674,0.15663518,-12.148606,-4.5122995,-19.615126,-9.63237,-14.276849
