arquivo,jitter,pitch_medio,pitch_std,mfcc1_medio,mfcc2_medio,mfcc3_medio,mfcc4_medio,mfcc5_medio,mfcc6_medio,mfcc7_medio,mfcc8_medio,mfcc9_medio,mfcc10_medio,mfcc11_medio,mfcc12_medio,mfcc13_medio
voice144.wav,0.6156345339618422,287.91877250783676,2.3111291993196255,-106.95088,17.106295,-27.958256,14.312534,19.537317,-19.241255,-25.092194,0.4952558,-43.29681,-1.1530674,-31.817041,-2.8364787,-24.398846
