arquivo,jitter,pitch_medio,pitch_std,mfcc1_medio,mfcc2_medio,mfcc3_medio,mfcc4_medio,mfcc5_medio,mfcc6_medio,mfcc7_medio,mfcc8_medio,mfcc9_medio,mfcc10_medio,mfcc11_medio,mfcc12_medio,mfcc13_medio
voice116.wav,44.06220359165132,179.16275945547576,81.04247335869165,-114.08566,-12.143508,-46.36642,-9.037583,3.5265412,-12.474573,-11.229154,-8.5399475,-6.4661164,14.206911,-8.347767,-8.532074,-15.49916
