arquivo,jitter,pitch_medio,pitch_std,mfcc1_medio,mfcc2_medio,mfcc3_medio,mfcc4_medio,mfcc5_medio,mfcc6_medio,mfcc7_medio,mfcc8_medio,mfcc9_medio,mfcc10_medio,mfcc11_medio,mfcc12_medio,mfcc13_medio
voice127.wav,3.7679375581986547,108.82611703576202,18.68522819094093,-15.484198,56.40586,-44.819286,-38.571125,3.176277,-2.9672163,-11.535331,-0.7053038,0.04363215,-33.073753,-2.719923,-16.68831,-3.896084
