arquivo,jitter,pitch_medio,pitch_std,mfcc1_medio,mfcc2_medio,mfcc3_medio,mfcc4_medio,mfcc5_medio,mfcc6_medio,mfcc7_medio,mfcc8_medio,mfcc9_medio,mfcc10_medio,mfcc11_medio,mfcc12_medio,mfcc13_medio
voice150.wav,0.28402637552197674,218.38394201856664,1.2820919012188245,-118.901886,54.0637,-39.846313,-19.700602,12.352194,-20.351017,-16.259214,2.4019964,-26.163582,-15.366902,-21.310196,-0.71736574,-22.914978
