arquivo,jitter,pitch_medio,pitch_std,mfcc1_medio,mfcc2_medio,mfcc3_medio,mfcc4_medio,mfcc5_medio,mfcc6_medio,mfcc7_medio,mfcc8_medio,mfcc9_medio,mfcc10_medio,mfcc11_medio,mfcc12_medio,mfcc13_medio
voice075.wav,13.805932068122683,171.33972386626613,27.711282110324166,-134.50882,2.458114,-56.063183,0.77747726,31.408047,6.666854,-13.67878,-3.5375142,-22.166248,-5.9253416,-15.581107,-14.813801,-15.499841
