arquivo,jitter,pitch_medio,pitch_std,mfcc1_medio,mfcc2_medio,mfcc3_medio,mfcc4_medio,mfcc5_medio,mfcc6_medio,mfcc7_medio,mfcc8_medio,mfcc9_medio,mfcc10_medio,mfcc11_medio,mfcc12_medio,mfcc13_medio
voice132.wav,2.9167321848865213,147.736147690496,11.139808223922406,-60.079777,67.88739,-62.320255,-27.539122,-18.038805,-21.627686,12.222841,-28.979593,26.63092,-25.919947,-22.91297,-16.059238,-9.565104
