arquivo,jitter,pitch_medio,pitch_std,mfcc1_medio,mfcc2_medio,mfcc3_medio,mfcc4_medio,mfcc5_medio,mfcc6_medio,mfcc7_medio,mfcc8_medio,mfcc9_medio,mfcc10_medio,mfcc11_medio,mfcc12_medio,mfcc13_medio
voice046.wav,2.7032965736052623,178.22792381218744,14.7131059957953,-134.79236,-3.17786,-22.482727,6.5635986,27.531412,-31.43734,4.942917,8.113256,-10.129242,-23.237356,-26.008627,4.3519435,-16.41149
