arquivo,jitter,pitch_medio,pitch_std,mfcc1_medio,mfcc2_medio,mfcc3_medio,mfcc4_medio,mfcc5_medio,mfcc6_medio,mfcc7_medio,mfcc8_medio,mfcc9_medio,mfcc10_medio,mfcc11_medio,mfcc12_medio,mfcc13_medio
voice184.wav,9.566512514427666,221.24617599331424,26.10411361169529,-59.235172,11.696037,-48.238186,-7.077448,10.163865,-6.5405183,-14.189485,-11.547203,-19.470602,-7.712611,-11.739303,-20.71379,8.304604
