arquivo,jitter,pitch_medio,pitch_std,mfcc1_medio,mfcc2_medio,mfcc3_medio,mfcc4_medio,mfcc5_medio,mfcc6_medio,mfcc7_medio,mfcc8_medio,mfcc9_medio,mfcc10_medio,mfcc11_medio,mfcc12_medio,mfcc13_medio
voice036.wav,0.5486435538083575,219.39896068149662,1.0810168740909938,-216.56572,30.032639,-10.609718,7.1823244,26.086975,-2.8531446,-8.3760395,-6.1842537,-19.660923,-9.219797,-18.543037,-18.613049,-20.030548
