arquivo,jitter,pitch_medio,pitch_std,mfcc1_medio,mfcc2_medio,mfcc3_medio,mfcc4_medio,mfcc5_medio,mfcc6_medio,mfcc7_medio,mfcc8_medio,mfcc9_medio,mfcc10_medio,mfcc11_medio,mfcc12_medio,mfcc13_medio
voice082.wav,2.5509680226728775,151.29532707527196,18.22396685300596,-110.37764,24.412737,-21.498846,-12.822369,-20.606522,-7.1909976,-33.50288,32.632965,-10.330155,-20.348639,-27.021544,-11.763421,-23.371698
