arquivo,jitter,pitch_medio,pitch_std,mfcc1_medio,mfcc2_medio,mfcc3_medio,mfcc4_medio,mfcc5_medio,mfcc6_medio,mfcc7_medio,mfcc8_medio,mfcc9_medio,mfcc10_medio,mfcc11_medio,mfcc12_medio,mfcc13_medio
voice110.wav,4.830678362847841,103.2138172264426,40.86479651030674,-89.3199,62.87393,-44.721306,-45.289303,-9.887773,17.43627,-20.026129,9.399556,-4.5669656,0.69360536,-27.114151,-0.8740742,-20.176031
