arquivo,jitter,pitch_medio,pitch_std,mfcc1_medio,mfcc2_medio,mfcc3_medio,mfcc4_medio,mfcc5_medio,mfcc6_medio,mfcc7_medio,mfcc8_medio,mfcc9_medio,mfcc10_medio,mfcc11_medio,mfcc12_medio,mfcc13_medio
voice133.wav,20.691888964274096,118.9528496570569,47.40057362583301,-35.59172,39.841675,-41.240158,-7.150923,-3.9067,-8.989762,-32.304188,6.1721454,-40.12414,-3.0025697,-13.657757,-17.934126,-8.450373
