arquivo,jitter,pitch_medio,pitch_std,mfcc1_medio,mfcc2_medio,mfcc3_medio,mfcc4_medio,mfcc5_medio,mfcc6_medio,mfcc7_medio,mfcc8_medio,mfcc9_medio,mfcc10_medio,mfcc11_medio,mfcc12_medio,mfcc13_medio
voice061.wav,0.27615248426841704,211.2075690657438,0.6182149481944719,-184.53694,21.104118,-28.244856,-19.509857,36.188503,3.6782548,-21.531122,3.890566,-10.6502,-6.1345754,-16.364298,-10.216991,-20.705336
