arquivo,jitter,pitch_medio,pitch_std,mfcc1_medio,mfcc2_medio,mfcc3_medio,mfcc4_medio,mfcc5_medio,mfcc6_medio,mfcc7_medio,mfcc8_medio,mfcc9_medio,mfcc10_medio,mfcc11_medio,mfcc12_medio,mfcc13_medio
voice064.wav,5.254990089060124,146.57679751585476,25.119514229155257,-187.31944,77.99708,-29.815313,-17.220583,19.905476,-18.174711,-26.082624,8.333518,-0.9876163,-0.8385594,-28.332275,-6.1211452,-15.774896
