arquivo,jitter,pitch_medio,pitch_std,mfcc1_medio,mfcc2_medio,mfcc3_medio,mfcc4_medio,mfcc5_medio,mfcc6_medio,mfcc7_medio,mfcc8_medio,mfcc9_medio,mfcc10_medio,mfcc11_medio,mfcc12_medio,mfcc13_medio
voice068.wav,0.349339649365294,172.62711771649592,0.9004389072801473,-94.83968,1.1101314,-52.28357,-24.559553,26.558073,-1.7019043,-9.716766,0.0087815095,-26.437511,-11.984916,-22.753027,-4.7591357,-11.80722
