arquivo,jitter,pitch_medio,pitch_std,mfcc1_medio,mfcc2_medio,mfcc3_medio,mfcc4_medio,mfcc5_medio,mfcc6_medio,mfcc7_medio,mfcc8_medio,mfcc9_medio,mfcc10_medio,mfcc11_medio,mfcc12_medio,mfcc13_medio
voice070.wav,0.5357151494425495,266.1341837906637,1.8010327789441654,-124.66025,-22.441217,-63.435257,-4.6739564,3.8970518,9.887746,-15.280771,-7.04389,-20.429804,8.262723,-13.921764,-17.10533,-10.980452
