arquivo,jitter,pitch_medio,pitch_std,mfcc1_medio,mfcc2_medio,mfcc3_medio,mfcc4_medio,mfcc5_medio,mfcc6_medio,mfcc7_medio,mfcc8_medio,mfcc9_medio,mfcc10_medio,mfcc11_medio,mfcc12_medio,mfcc13_medio
voice019.wav,0.23506056695550964,183.32674328545784,0.98584703796256,-129.94225,33.204845,-41.627533,-24.33634,26.945618,-15.49075,-4.408882,2.417354,-21.772009,-13.153276,-23.542288,-4.386343,-20.654844
