arquivo,jitter,pitch_medio,pitch_std,mfcc1_medio,mfcc2_medio,mfcc3_medio,mfcc4_medio,mfcc5_medio,mfcc6_medio,mfcc7_medio,mfcc8_medio,mfcc9_medio,mfcc10_medio,mfcc11_medio,mfcc12_medio,mfcc13_medio
voice164.wav,0.4567986967423694,171.35265691943485,0.9497934830358906,-70.18044,22.787207,-63.7577,-32.20709,17.71368,-28.459057,-7.7333455,-17.498774,-6.454977,-16.966835,-13.735669,-2.3120255,-24.878647
