arquivo,jitter,pitch_medio,pitch_std,mfcc1_medio,mfcc2_medio,mfcc3_medio,mfcc4_medio,mfcc5_medio,mfcc6_medio,mfcc7_medio,mfcc8_medio,mfcc9_medio,mfcc10_medio,mfcc11_medio,mfcc12_medio,mfcc13_medio
voice034.wav,0.8082633461593829,198.3654024081483,2.491699606822637,-195.50716,49.12631,-38.220535,4.5121474,20.96847,-14.802858,-4.2738867,4.2339907,-18.784485,-12.41533,-19.587952,-10.56909,-29.581028
