arquivo,jitter,pitch_medio,pitch_std,mfcc1_medio,mfcc2_medio,mfcc3_medio,mfcc4_medio,mfcc5_medio,mfcc6_medio,mfcc7_medio,mfcc8_medio,mfcc9_medio,mfcc10_medio,mfcc11_medio,mfcc12_medio,mfcc13_medio
voice135.wav,3.6131799572105603,220.90552067693443,22.39637534983985,-69.368004,22.140053,-42.88731,-3.5293014,18.538874,-14.424618,-12.558695,-24.475677,-29.938965,-2.5599215,-10.988909,0.48020172,-24.314505
