arquivo,jitter,pitch_medio,pitch_std,mfcc1_medio,mfcc2_medio,mfcc3_medio,mfcc4_medio,mfcc5_medio,mfcc6_medio,mfcc7_medio,mfcc8_medio,mfcc9_medio,mfcc10_medio,mfcc11_medio,mfcc12_medio,mfcc13_medio
voice147.wav,4.971621680267722,126.05878153598087,33.4930660101659,-70.9656,61.120613,-22.069033,-28.508636,14.804188,-10.926014,-21.053846,6.4257135,-22.02654,-13.917704,-27.168781,-3.1267126,-13.721509
