arquivo,jitter,pitch_medio,pitch_std,mfcc1_medio,mfcc2_medio,mfcc3_medio,mfcc4_medio,mfcc5_medio,mfcc6_medio,mfcc7_medio,mfcc8_medio,mfcc9_medio,mfcc10_medio,mfcc11_medio,mfcc12_medio,mfcc13_medio
voice163.wav,34.0033741701086,239.9640160693904,59.86906288044353,-65.08623,-22.16052,-66.415405,-20.84459,24.505768,8.399001,11.567531,-22.253662,-35.552563,-4.3607364,-4.4653068,-10.629853,-11.234498
