arquivo,jitter,pitch_medio,pitch_std,mfcc1_medio,mfcc2_medio,mfcc3_medio,mfcc4_medio,mfcc5_medio,mfcc6_medio,mfcc7_medio,mfcc8_medio,mfcc9_medio,mfcc10_medio,mfcc11_medio,mfcc12_medio,mfcc13_medio
voice100.wav,8.582660577176794,148.80621720023578,26.438966024080088,-99.36447,28.454134,-81.89586,-17.625257,-12.953188,18.936571,-32.619633,-3.069474,7.613476,-20.7189,-15.05756,-7.149003,-21.055433
