arquivo,jitter,pitch_medio,pitch_std,mfcc1_medio,mfcc2_medio,mfcc3_medio,mfcc4_medio,mfcc5_medio,mfcc6_medio,mfcc7_medio,mfcc8_medio,mfcc9_medio,mfcc10_medio,mfcc11_medio,mfcc12_medio,mfcc13_medio
voice088.wav,1.3727312684360218,154.76847037547358,4.340192687097596,-27.922344,61.193905,-62.523216,-23.213629,-8.939002,-8.58807,-19.739292,-2.5673711,-10.918809,-20.332458,-13.919819,-16.820097,-10.315072
