arquivo,jitter,pitch_medio,pitch_std,mfcc1_medio,mfcc2_medio,mfcc3_medio,mfcc4_medio,mfcc5_medio,mfcc6_medio,mfcc7_medio,mfcc8_medio,mfcc9_medio,mfcc10_medio,mfcc11_medio,mfcc12_medio,mfcc13_medio
voice017.wav,2.147372905906168,95.3092258206401,13.549896365072405,-100.96247,57.148098,-25.945871,-24.52826,-8.454705,1.4623882,-7.8914576,27.561983,2.6747043,-32.61637,-5.304913,-14.938196,-17.979765
