arquivo,jitter,pitch_medio,pitch_std,mfcc1_medio,mfcc2_medio,mfcc3_medio,mfcc4_medio,mfcc5_medio,mfcc6_medio,mfcc7_medio,mfcc8_medio,mfcc9_medio,mfcc10_medio,mfcc11_medio,mfcc12_medio,mfcc13_medio
voice193.wav,5.880033580481575,171.95546246526507,14.658310285873963,-97.20272,16.537424,-53.334774,-34.559513,-0.9025119,-15.8155985,-27.190216,0.60791963,-31.854609,-6.0240088,-15.167729,-12.822424,-18.399246
