arquivo,jitter,pitch_medio,pitch_std,mfcc1_medio,mfcc2_medio,mfcc3_medio,mfcc4_medio,mfcc5_medio,mfcc6_medio,mfcc7_medio,mfcc8_medio,mfcc9_medio,mfcc10_medio,mfcc11_medio,mfcc12_medio,mfcc13_medio
voice122.wav,3.804286333673431,224.30522265906694,18.517132944083546,-36.598938,10.320219,-45.728394,-26.178991,2.7775996,-11.066229,-19.229069,-4.0272427,-35.394352,-9.314168,-14.167796,-17.404285,-11.796797
