arquivo,jitter,pitch_medio,pitch_std,mfcc1_medio,mfcc2_medio,mfcc3_medio,mfcc4_medio,mfcc5_medio,mfcc6_medio,mfcc7_medio,mfcc8_medio,mfcc9_medio,mfcc10_medio,mfcc11_medio,mfcc12_medio,mfcc13_medio
voice121.wav,26.940207929633345,149.33363362016746,52.88845220497578,-34.9975,-14.07057,-79.857574,-8.7891865,5.825056,-6.019795,-33.68513,-5.4555736,-27.276417,-0.9228298,-11.639611,-12.967032,-5.672613
