arquivo,jitter,pitch_medio,pitch_std,mfcc1_medio,mfcc2_medio,mfcc3_medio,mfcc4_medio,mfcc5_medio,mfcc6_medio,mfcc7_medio,mfcc8_medio,mfcc9_medio,mfcc10_medio,mfcc11_medio,mfcc12_medio,mfcc13_medio
voice115.wav,7.482228670036681,166.61680403736187,28.795445514459953,-61.122807,39.195633,-39.541225,-39.86647,-23.9695,-35.499588,-42.979374,-2.750364,10.430689,-15.053039,-13.1599,-3.1012986,-19.433004
