arquivo,jitter,pitch_medio,pitch_std,mfcc1_medio,mfcc2_medio,mfcc3_medio,mfcc4_medio,mfcc5_medio,mfcc6_medio,mfcc7_medio,mfcc8_medio,mfcc9_medio,mfcc10_medio,mfcc11_medio,mfcc12_medio,mfcc13_medio
voice128.wav,7.7292412923937235,172.8226554979552,54.02752610064331,-100.93326,66.493996,-67.094124,15.928999,-15.5158825,-4.065506,-22.665321,-8.287856,-8.9743185,-17.884478,-0.15458775,-26.877304,-20.18944
