arquivo,jitter,pitch_medio,pitch_std,mfcc1_medio,mfcc2_medio,mfcc3_medio,mfcc4_medio,mfcc5_medio,mfcc6_medio,mfcc7_medio,mfcc8_medio,mfcc9_medio,mfcc10_medio,mfcc11_medio,mfcc12_medio,mfcc13_medio
voice154.wav,3.034435674732727,183.96487439230913,14.921176502128754,-73.47526,24.825315,-46.037663,19.51098,-4.800483,-5.4550743,-24.015959,-8.096107,-9.7001095,-31.645735,-1.6578839,-18.702394,-11.550375
