arquivo,jitter,pitch_medio,pitch_std,mfcc1_medio,mfcc2_medio,mfcc3_medio,mfcc4_medio,mfcc5_medio,mfcc6_medio,mfcc7_medio,mfcc8_medio,mfcc9_medio,mfcc10_medio,mfcc11_medio,mfcc12_medio,mfcc13_medio
voice143.wav,8.48278117363156,167.86362685306307,34.62759054792245,-42.05052,22.16086,-59.387844,-2.999457,20.528248,-20.57949,-11.31046,-7.103815,-24.682852,-10.777786,-17.056185,-8.512883,-26.040266
