arquivo,jitter,pitch_medio,pitch_std,mfcc1_medio,mfcc2_medio,mfcc3_medio,mfcc4_medio,mfcc5_medio,mfcc6_medio,mfcc7_medio,mfcc8_medio,mfcc9_medio,mfcc10_medio,mfcc11_medio,mfcc12_medio,mfcc13_medio
voice091.wav,0.34105680098638447,146.0376074287532,2.47195810966923,-117.561066,52.727306,-33.036278,12.417825,-28.445684,-34.690506,-8.913077,-21.868368,27.235287,-27.515684,-8.060362,-12.775645,-21.097366
