arquivo,jitter,pitch_medio,pitch_std,mfcc1_medio,mfcc2_medio,mfcc3_medio,mfcc4_medio,mfcc5_medio,mfcc6_medio,mfcc7_medio,mfcc8_medio,mfcc9_medio,mfcc10_medio,mfcc11_medio,mfcc12_medio,mfcc13_medio
voice197.wav,0.44368978976446954,225.10472134092979,1.639127850571064,-149.66548,-4.2521744,-57.471455,-30.239239,28.861431,-20.814407,1.3173729,-8.721884,-19.69814,-3.5944242,-11.904548,-3.9277995,-19.795418
