arquivo,jitter,pitch_medio,pitch_std,mfcc1_medio,mfcc2_medio,mfcc3_medio,mfcc4_medio,mfcc5_medio,mfcc6_medio,mfcc7_medio,mfcc8_medio,mfcc9_medio,mfcc10_medio,mfcc11_medio,mfcc12_medio,mfcc13_medio
voice165.wav,39.22848848837483,193.22402642012767,71.83413549247356,-41.478886,-50.88625,-80.5959,-53.409637,-11.142597,-1.3283843,-14.377529,-1.424178,-4.4595814,-18.903488,0.027874209,23.52161,-1.7670695
