arquivo,jitter,pitch_medio,pitch_std,mfcc1_medio,mfcc2_medio,mfcc3_medio,mfcc4_medio,mfcc5_medio,mfcc6_medio,mfcc7_medio,mfcc8_medio,mfcc9_medio,mfcc10_medio,mfcc11_medio,mfcc12_medio,mfcc13_medio
voice188.wav,0.47096784564281674,193.76866489189877,2.0391072528781287,-144.76958,28.038801,-67.45698,-14.1123295,-3.1468527,14.703572,-21.168373,3.0721972,-18.433466,-18.00937,-2.4112766,-28.114304,-8.387021
