arquivo,jitter,pitch_medio,pitch_std,mfcc1_medio,mfcc2_medio,mfcc3_medio,mfcc4_medio,mfcc5_medio,mfcc6_medio,mfcc7_medio,mfcc8_medio,mfcc9_medio,mfcc10_medio,mfcc11_medio,mfcc12_medio,mfcc13_medio
voice057.wav,2.965635716996581,110.01318834724249,30.739059545804594,-86.264854,60.36061,-30.453907,-6.9455256,-26.152266,-2.6789668,-25.835445,23.673382,-2.6902015,-23.355925,-21.642572,-8.65221,-20.591257
