arquivo,jitter,pitch_medio,pitch_std,mfcc1_medio,mfcc2_medio,mfcc3_medio,mfcc4_medio,mfcc5_medio,mfcc6_medio,mfcc7_medio,mfcc8_medio,mfcc9_medio,mfcc10_medio,mfcc11_medio,mfcc12_medio,mfcc13_medio
voice180.wav,0.2241001445385881,213.65391513189525,0.7189371105654525,-92.26338,58.86905,-75.140945,-3.024175,-5.657512,22.821724,-19.319056,-11.087253,-9.081062,-32.24537,-0.80346966,-7.521852,-3.1739163
