arquivo,jitter,pitch_medio,pitch_std,mfcc1_medio,mfcc2_medio,mfcc3_medio,mfcc4_medio,mfcc5_medio,mfcc6_medio,mfcc7_medio,mfcc8_medio,mfcc9_medio,mfcc10_medio,mfcc11_medio,mfcc12_medio,mfcc13_medio
voice189.wav,10.636397458523227,97.14516732781159,31.102132788959857,-40.315575,45.50021,-75.885666,-6.9505296,-5.6060834,-9.499809,-26.400938,-26.094242,-25.488815,-29.798662,-4.1923356,-0.9994321,-10.100735
