arquivo,jitter,pitch_medio,pitch_std,mfcc1_medio,mfcc2_medio,mfcc3_medio,mfcc4_medio,mfcc5_medio,mfcc6_medio,mfcc7_medio,mfcc8_medio,mfcc9_medio,mfcc10_medio,mfcc11_medio,mfcc12_medio,mfcc13_medio
voice101.wav,8.211579209615314,217.8098851457075,54.62306786692176,-48.98552,19.844324,-55.80687,-41.40395,4.1304636,0.8473963,-32.443825,-3.6833155,-28.179167,-10.629663,-13.451753,-11.539904,-15.164276
