arquivo,jitter,pitch_medio,pitch_std,mfcc1_medio,mfcc2_medio,mfcc3_medio,mfcc4_medio,mfcc5_medio,mfcc6_medio,mfcc7_medio,mfcc8_medio,mfcc9_medio,mfcc10_medio,mfcc11_medio,mfcc12_medio,mfcc13_medio
voice078.wav,2.6883028736365673,167.5742886221063,9.742392913928485,-112.19012,12.324515,-80.81014,-0.21158873,21.096123,6.873768,-20.177803,11.142115,-28.375483,-0.25490007,-15.57947,-10.818566,-9.885314
