arquivo,jitter,pitch_medio,pitch_std,mfcc1_medio,mfcc2_medio,mfcc3_medio,mfcc4_medio,mfcc5_medio,mfcc6_medio,mfcc7_medio,mfcc8_medio,mfcc9_medio,mfcc10_medio,mfcc11_medio,mfcc12_medio,mfcc13_medio
voice013.wav,17.9221962273437,199.46857210807295,36.504998297114774,-72.224266,-36.56726,-57.123768,-19.493078,13.221988,10.523951,-17.718155,4.158557,-26.514496,-13.485172,-0.33901274,-16.207537,-8.162907
