arquivo,jitter,pitch_medio,pitch_std,mfcc1_medio,mfcc2_medio,mfcc3_medio,mfcc4_medio,mfcc5_medio,mfcc6_medio,mfcc7_medio,mfcc8_medio,mfcc9_medio,mfcc10_medio,mfcc11_medio,mfcc12_medio,mfcc13_medio
voice162.wav,34.92564957862409,156.0123778380902,85.36267753642565,-146.49934,57.64533,-26.612213,0.6895458,-4.3985887,-11.690222,-7.7976456,-4.367952,-19.126781,-12.19882,-14.360404,-8.292706,-20.399178
