arquivo,jitter,pitch_medio,pitch_std,mfcc1_medio,mfcc2_medio,mfcc3_medio,mfcc4_medio,mfcc5_medio,mfcc6_medio,mfcc7_medio,mfcc8_medio,mfcc9_medio,mfcc10_medio,mfcc11_medio,mfcc12_medio,mfcc13_medio
voice176.wav,5.717271153558331,199.20631793362725,16.226763894400786,-88.1632,58.88673,-37.36207,-22.944906,5.188457,0.21504258,-22.621412,3.1573427,-31.205948,-5.735921,-15.2133255,-6.7585278,-14.847979
