arquivo,jitter,pitch_medio,pitch_std,mfcc1_medio,mfcc2_medio,mfcc3_medio,mfcc4_medio,mfcc5_medio,mfcc6_medio,mfcc7_medio,mfcc8_medio,mfcc9_medio,mfcc10_medio,mfcc11_medio,mfcc12_medio,mfcc13_medio
voice072.wav,6.80247566848871,142.73590906212388,19.34404922086472,-82.076614,-2.353221,-49.23194,-44.569427,4.7196507,-2.9270337,-12.67914,10.231358,12.49034,-36.512352,-7.756486,-20.030602,-1.5358487
