arquivo,jitter,pitch_medio,pitch_std,mfcc1_medio,mfcc2_medio,mfcc3_medio,mfcc4_medio,mfcc5_medio,mfcc6_medio,mfcc7_medio,mfcc8_medio,mfcc9_medio,mfcc10_medio,mfcc11_medio,mfcc12_medio,mfcc13_medio
voice094.wav,11.177958480969613,150.76303354817637,39.61508057305973,-62.629128,-1.1093042,-40.212715,-9.045183,5.973479,-6.7489424,7.651228,-11.930127,-32.887554,10.631151,-16.962002,-7.73616,-18.108616
