arquivo,jitter,pitch_medio,pitch_std,mfcc1_medio,mfcc2_medio,mfcc3_medio,mfcc4_medio,mfcc5_medio,mfcc6_medio,mfcc7_medio,mfcc8_medio,mfcc9_medio,mfcc10_medio,mfcc11_medio,mfcc12_medio,mfcc13_medio
voice014.wav,4.458857875128192,163.62423173713313,44.53933326813028,-92.844376,14.668543,-51.741806,-28.425957,27.181248,0.8595745,-10.91619,-5.41239,-26.18755,-3.7454183,-8.617809,-4.967703,-21.249733
