arquivo,jitter,pitch_medio,pitch_std,mfcc1_medio,mfcc2_medio,mfcc3_medio,mfcc4_medio,mfcc5_medio,mfcc6_medio,mfcc7_medio,mfcc8_medio,mfcc9_medio,mfcc10_medio,mfcc11_medio,mfcc12_medio,mfcc13_medio
voice186.wav,0.26221589263466216,149.59855473334065,1.2893359070972752,-32.359333,39.160736,-45.143677,-40.446697,-0.7859378,-8.992919,-16.200867,2.3460438,17.22769,-38.64938,-13.949244,-14.401494,-14.514702
