arquivo,jitter,pitch_medio,pitch_std,mfcc1_medio,mfcc2_medio,mfcc3_medio,mfcc4_medio,mfcc5_medio,mfcc6_medio,mfcc7_medio,mfcc8_medio,mfcc9_medio,mfcc10_medio,mfcc11_medio,mfcc12_medio,mfcc13_medio
voice058.wav,6.357844991533907,212.76784913600278,21.11186162233861,-147.84035,1.4354308,-39.892376,4.738457,22.540966,-7.3264103,-0.5209939,5.2633543,-25.232166,-6.2394924,-24.371168,-13.788604,-11.9949255
