arquivo,jitter,pitch_medio,pitch_std,mfcc1_medio,mfcc2_medio,mfcc3_medio,mfcc4_medio,mfcc5_medio,mfcc6_medio,mfcc7_medio,mfcc8_medio,mfcc9_medio,mfcc10_medio,mfcc11_medio,mfcc12_medio,mfcc13_medio
voice174.wav,35.16810362779187,159.32820278164195,101.10081344337972,-54.21557,35.57144,-27.11644,-44.136036,9.430006,26.225025,-19.58263,-13.587994,-20.451166,-5.8790627,-12.00072,-14.016111,-4.899095
