arquivo,jitter,pitch_medio,pitch_std,mfcc1_medio,mfcc2_medio,mfcc3_medio,mfcc4_medio,mfcc5_medio,mfcc6_medio,mfcc7_medio,mfcc8_medio,mfcc9_medio,mfcc10_medio,mfcc11_medio,mfcc12_medio,mfcc13_medio
voice124.wav,9.211491012699438,194.88742153402322,74.14853227289825,-144.48726,57.02881,-24.262564,-40.308067,9.128578,-16.84047,-22.064644,-15.009652,-19.154087,-8.405888,-26.55821,-3.494964,-9.027251
