arquivo,jitter,pitch_medio,pitch_std,mfcc1_medio,mfcc2_medio,mfcc3_medio,mfcc4_medio,mfcc5_medio,mfcc6_medio,mfcc7_medio,mfcc8_medio,mfcc9_medio,mfcc10_medio,mfcc11_medio,mfcc12_medio,mfcc13_medio
voice006.wav,2.428277268897261,117.43129435103745,17.012902867189663,-44.623672,18.771168,-72.58049,-18.87778,1.413042,4.1810822,-10.369056,-2.980294,2.024863,-34.57838,0.17858224,-7.740161,-11.7394
