arquivo,jitter,pitch_medio,pitch_std,mfcc1_medio,mfcc2_medio,mfcc3_medio,mfcc4_medio,mfcc5_medio,mfcc6_medio,mfcc7_medio,mfcc8_medio,mfcc9_medio,mfcc10_medio,mfcc11_medio,mfcc12_medio,mfcc13_medio
voice059.wav,5.056641356915883,172.5720016280773,14.038291189506532,-112.97966,4.87374,-65.486305,-4.698138,4.1091533,11.528776,-11.698234,3.8547697,-17.406103,-20.90371,4.529306,-8.898868,-8.5473585
