arquivo,jitter,pitch_medio,pitch_std,mfcc1_medio,mfcc2_medio,mfcc3_medio,mfcc4_medio,mfcc5_medio,mfcc6_medio,mfcc7_medio,mfcc8_medio,mfcc9_medio,mfcc10_medio,mfcc11_medio,mfcc12_medio,mfcc13_medio
voice109.wav,11.730833267735177,185.90795179321913,30.99627168595044,-92.105385,34.551064,-47.479294,-1.8748664,11.521378,-27.009916,-3.6510384,-23.632208,-22.989594,-1.7757621,-13.779011,-6.3296485,-21.419107
