arquivo,jitter,pitch_medio,pitch_std,mfcc1_medio,mfcc2_medio,mfcc3_medio,mfcc4_medio,mfcc5_medio,mfcc6_medio,mfcc7_medio,mfcc8_medio,mfcc9_medio,mfcc10_medio,mfcc11_medio,mfcc12_medio,mfcc13_medio
voice031.wav,0.20373453011470324,140.96691339084026,0.49764688486170416,-81.33397,12.451053,-64.56321,-35.280064,-0.836855,9.994916,-22.972765,7.602965,-1.8085972,-35.579697,-11.349699,-12.332348,-11.0936985
