arquivo,jitter,pitch_medio,pitch_std,mfcc1_medio,mfcc2_medio,mfcc3_medio,mfcc4_medio,mfcc5_medio,mfcc6_medio,mfcc7_medio,mfcc8_medio,mfcc9_medio,mfcc10_medio,mfcc11_medio,mfcc12_medio,mfcc13_medio
voice160.wav,0.561317627944003,251.8097869592698,1.280510864825663,-81.8423,14.310749,-32.01162,-28.085762,-3.0964692,2.5209453,-15.433052,-6.014963,-31.993769,-6.7019,-14.221525,-13.922069,-11.478257
