arquivo,jitter,pitch_medio,pitch_std,mfcc1_medio,mfcc2_medio,mfcc3_medio,mfcc4_medio,mfcc5_medio,mfcc6_medio,mfcc7_medio,mfcc8_medio,mfcc9_medio,mfcc10_medio,mfcc11_medio,mfcc12_medio,mfcc13_medio
voice169.wav,21.11120028933873,246.43383705291612,53.55013843401537,5.637963,43.178383,-76.29932,-58.74191,11.091453,-18.72286,-27.385784,-11.117812,-21.016552,-10.825321,-25.73303,-0.6918349,-24.936773
