arquivo,jitter,pitch_medio,pitch_std,mfcc1_medio,mfcc2_medio,mfcc3_medio,mfcc4_medio,mfcc5_medio,mfcc6_medio,mfcc7_medio,mfcc8_medio,mfcc9_medio,mfcc10_medio,mfcc11_medio,mfcc12_medio,mfcc13_medio
voice085.wav,3.3294772663075447,221.52725002226052,12.780220441286678,-130.40254,-9.397481,-50.40619,0.29097563,37.913845,-5.0377274,-18.958006,-4.201294,-9.300859,-3.2131705,-18.329987,-6.6950502,-18.160303
