arquivo,jitter,pitch_medio,pitch_std,mfcc1_medio,mfcc2_medio,mfcc3_medio,mfcc4_medio,mfcc5_medio,mfcc6_medio,mfcc7_medio,mfcc8_medio,mfcc9_medio,mfcc10_medio,mfcc11_medio,mfcc12_medio,mfcc13_medio
voice129.wav,1.9866692662975929,126.36147908824792,14.697715123091275,-45.77155,74.72694,-33.63906,-38.21422,-16.122536,3.4611125,-19.943378,-20.57393,20.800165,-6.8225627,-24.427643,-17.302513,-22.572342
