arquivo,jitter,pitch_medio,pitch_std,mfcc1_medio,mfcc2_medio,mfcc3_medio,mfcc4_medio,mfcc5_medio,mfcc6_medio,mfcc7_medio,mfcc8_medio,mfcc9_medio,mfcc10_medio,mfcc11_medio,mfcc12_medio,mfcc13_medio
voice016.wav,5.931872833935901,189.11865959299934,32.88974599278158,-98.37251,36.521694,-45.11323,-24.456875,-4.5717497,-8.898839,2.4149477,7.083008,-27.069918,-7.497339,-13.946006,-14.3035755,-12.830948
