arquivo,jitter,pitch_medio,pitch_std,mfcc1_medio,mfcc2_medio,mfcc3_medio,mfcc4_medio,mfcc5_medio,mfcc6_medio,mfcc7_medio,mfcc8_medio,mfcc9_medio,mfcc10_medio,mfcc11_medio,mfcc12_medio,mfcc13_medio
voice045.wav,0.28000358764894884,190.86240779282312,0.6451470512456216,-132.40129,16.261194,-40.137966,-4.3821096,-5.2375975,8.171414,-4.313894,10.242609,-34.20441,-7.5518994,-11.702169,-20.573557,-5.2187986
