arquivo,jitter,pitch_medio,pitch_std,mfcc1_medio,mfcc2_medio,mfcc3_medio,mfcc4_medio,mfcc5_medio,mfcc6_medio,mfcc7_medio,mfcc8_medio,mfcc9_medio,mfcc10_medio,mfcc11_medio,mfcc12_medio,mfcc13_medio
voice139.wav,3.5432168091270033,209.2814511112415,12.127177221580238,-99.146065,43.617863,-41.446445,-0.09493817,-0.81755775,-9.740134,-17.852526,-1.0125161,-27.703697,-12.865003,-15.2880125,-11.118078,-14.873781
