arquivo,jitter,pitch_medio,pitch_std,mfcc1_medio,mfcc2_medio,mfcc3_medio,mfcc4_medio,mfcc5_medio,mfcc6_medio,mfcc7_medio,mfcc8_medio,mfcc9_medio,mfcc10_medio,mfcc11_medio,mfcc12_medio,mfcc13_medio
voice062.wav,3.5443920461755276,129.93510134461133,41.18445583112819,-80.37166,8.351477,-62.29669,-25.594894,3.0913842,18.779942,-20.197649,5.5471454,-5.4668036,-21.179564,-5.7163405,-12.41713,-9.759759
