arquivo,jitter,pitch_medio,pitch_std,mfcc1_medio,mfcc2_medio,mfcc3_medio,mfcc4_medio,mfcc5_medio,mfcc6_medio,mfcc7_medio,mfcc8_medio,mfcc9_medio,mfcc10_medio,mfcc11_medio,mfcc12_medio,mfcc13_medio
voice153.wav,23.6243212094264,151.64998517078894,40.49658431596337,-58.712147,-0.7485371,-39.405617,-19.909,-2.3701694,-2.7352114,-10.597065,5.873528,-34.4991,-23.095732,-11.194497,-8.187758,-9.353946
