arquivo,jitter,pitch_medio,pitch_std,mfcc1_medio,mfcc2_medio,mfcc3_medio,mfcc4_medio,mfcc5_medio,mfcc6_medio,mfcc7_medio,mfcc8_medio,mfcc9_medio,mfcc10_medio,mfcc11_medio,mfcc12_medio,mfcc13_medio
voice191.wav,0.2999882730885177,194.93116573360405,0.7588493288275985,-109.13064,6.981502,-37.328716,-23.564482,11.21628,-21.117085,-18.158558,8.872122,-13.50031,-6.389846,-8.254454,-19.461243,-18.990717
