arquivo,jitter,pitch_medio,pitch_std,mfcc1_medio,mfcc2_medio,mfcc3_medio,mfcc4_medio,mfcc5_medio,mfcc6_medio,mfcc7_medio,mfcc8_medio,mfcc9_medio,mfcc10_medio,mfcc11_medio,mfcc12_medio,mfcc13_medio
voice007.wav,2.835501035987782,105.55212104690152,22.181061108612578,-73.34483,57.983498,-41.239132,-20.497086,-19.4768,1.1318837,-24.919777,11.817245,12.877029,-17.801722,-2.5439613,-9.140846,-23.828363
