arquivo,jitter,pitch_medio,pitch_std,mfcc1_medio,mfcc2_medio,mfcc3_medio,mfcc4_medio,mfcc5_medio,mfcc6_medio,mfcc7_medio,mfcc8_medio,mfcc9_medio,mfcc10_medio,mfcc11_medio,mfcc12_medio,mfcc13_medio
voice025.wav,1.7047801093051984,118.90927712336955,13.001392713695749,-89.196144,32.252335,-44.688324,-29.49001,2.9332514,3.571534,-18.95672,3.0729744,12.174661,-17.563396,-23.295853,-18.131212,-18.555208
