arquivo,jitter,pitch_medio,pitch_std,mfcc1_medio,mfcc2_medio,mfcc3_medio,mfcc4_medio,mfcc5_medio,mfcc6_medio,mfcc7_medio,mfcc8_medio,mfcc9_medio,mfcc10_medio,mfcc11_medio,mfcc12_medio,mfcc13_medio
voice158.wav,5.21582519749802,175.15226592995305,22.78246030229216,-51.553947,-11.820077,-19.880482,-44.06788,9.018127,-14.715615,-19.08869,10.942458,-21.842815,-23.91957,-17.438154,-9.23946,-22.334799
