arquivo,jitter,pitch_medio,pitch_std,mfcc1_medio,mfcc2_medio,mfcc3_medio,mfcc4_medio,mfcc5_medio,mfcc6_medio,mfcc7_medio,mfcc8_medio,mfcc9_medio,mfcc10_medio,mfcc11_medio,mfcc12_medio,mfcc13_medio
voice170.wav,6.774425704314698,221.20155706707155,30.64620313300339,-23.634962,2.1608107,-52.555897,-21.597773,7.258724,-7.534248,-19.626856,-2.942152,-34.402763,-9.979556,-11.830319,-7.627565,-16.404343
