arquivo,jitter,pitch_medio,pitch_std,mfcc1_medio,mfcc2_medio,mfcc3_medio,mfcc4_medio,mfcc5_medio,mfcc6_medio,mfcc7_medio,mfcc8_medio,mfcc9_medio,mfcc10_medio,mfcc11_medio,mfcc12_medio,mfcc13_medio
voice050.wav,0.3799779299824243,231.36512675262705,0.8822077556858255,-168.19902,13.451369,-39.497787,-12.4246235,41.277763,0.9695001,-14.815846,-0.8998699,-21.228342,-3.0044436,-22.4719,-9.888372,-19.947256
