arquivo,jitter,pitch_medio,pitch_std,mfcc1_medio,mfcc2_medio,mfcc3_medio,mfcc4_medio,mfcc5_medio,mfcc6_medio,mfcc7_medio,mfcc8_medio,mfcc9_medio,mfcc10_medio,mfcc11_medio,mfcc12_medio,mfcc13_medio
voice206.wav,9.996734449391836,177.65267216792952,24.341604380556376,-127.24314,-5.2843223,-44.623924,-28.627386,19.478073,-0.049884863,-20.507982,7.0908804,-25.790926,-9.512038,-22.996819,-5.802597,7.4616904
