arquivo,jitter,pitch_medio,pitch_std,mfcc1_medio,mfcc2_medio,mfcc3_medio,mfcc4_medio,mfcc5_medio,mfcc6_medio,mfcc7_medio,mfcc8_medio,mfcc9_medio,mfcc10_medio,mfcc11_medio,mfcc12_medio,mfcc13_medio
voice152.wav,5.763658455823796,179.7644868553639,32.71537952566523,-26.46623,0.4628609,-45.493076,-20.86409,1.8556417,-2.6405413,-17.2566,3.1991103,-27.020517,-0.6763065,-15.924658,-19.184038,-11.930992
